truncate table tenant_info cascade;
truncate table org_info cascade;
truncate table sys_role cascade;
truncate table user_account cascade;
truncate table user_role cascade;
truncate table chart_config cascade;
truncate table data_table_config cascade;
truncate table field_code_type cascade;


INSERT INTO tenant_info(id,name,name_en,alias_name,site_description,contact_person,contact_phone,contact_email,location,location_en,time_zone,default_lang,is_enabled,wf_auto_step2,wf_auto_step3,wf_auto_step4,wf_auto_step5,wf_auto_step6, manhour_price) VALUES ('1', 'GE', 'GE', 'GE', 'GE', null, null, null, null, null, null, null, true, false,false, false, false,false, 1000);
INSERT INTO tenant_info(id,name,name_en,alias_name,site_description,contact_person,contact_phone,contact_email,location,location_en,time_zone,default_lang,is_enabled,wf_auto_step2,wf_auto_step3,wf_auto_step4,wf_auto_step5,wf_auto_step6, manhour_price) VALUES ('2', 'Demo医联体', 'DemoHospitalGrup', '医联体', '医联体', null, null, null, null, null, null, null, true, false,false, false, false,false, 1000);

INSERT INTO org_info(id,site_id,hospital_id,name,name_en,parent_id) values ('1', '1', null, 'Digital Healthcare', 'Digital Healthcare', null);
INSERT INTO org_info(id,site_id,hospital_id,name,name_en,parent_id) values ('2', '2', null, '医院本部', 'Hospital Headquarter', null);
INSERT INTO org_info(id,site_id,hospital_id,name,name_en,parent_id) values ('3', '2', null, '浦东分院', 'Hospital Pudong branch', null);
INSERT INTO org_info(id,site_id,hospital_id,name,name_en,parent_id) values ('4', '2', 2, '放射科', null, '2');
INSERT INTO org_info(id,site_id,hospital_id,name,name_en,parent_id) values ('5', '2', 2, '超声室', 'cariology Dept', '2');
INSERT INTO org_info(id,site_id,hospital_id,name,name_en,parent_id) values ('6', '2', 2, '设备科', 'Asset Dept', '2');

INSERT INTO sys_role(id,name,role_desc,home_page) values ('1', 'HospitalHead', '院长', '/homeHead.xhtml');
INSERT INTO sys_role(id,name,role_desc,home_page) values ('2', 'AssetHead', '设备科主任', '/homeAssetHead.xhtml');
INSERT INTO sys_role(id,name,role_desc,home_page) values ('3', 'AssetStaff', '设备科科员', '/homeAssetStaff.xhtml');
INSERT INTO sys_role(id,name,role_desc,home_page) values ('4', 'DeptHead', '科室主任', '/homeDeptHead.xhtml');
INSERT INTO sys_role(id,name,role_desc,home_page) values ('5', 'ITAdmin', '后台运营管理', '/portal/uaa/userAccount/List.xhtml');
INSERT INTO sys_role(id,name,role_desc,home_page) values ('6', 'MultiHospital', '多院区管理', '');
INSERT INTO sys_role(id,name,role_desc,home_page) values ('7', 'ClinicalStaff', '临床科室人员', '/homeAssetStaff.xhtml');

INSERT INTO sys_role(id,name,role_desc,home_page) values ('9', 'Guest', '临时报修帐号', '/homeAssetStaff.xhtml');


INSERT INTO user_account(id,site_id,hospital_id,org_id,login_name,name,pwd_salt,password,email,telephone,is_super_admin,is_site_admin,is_local_admin,is_active,is_online,last_login_time) VALUES ('0', '1', '1', '1', 'ad341656e9bd67a165df', 'guest', 'e4c22e5a7207c3f9', 'd340ff7d7dee42ad341656e9bd67a165dfb67d0d6fb07e4ba856ee12c560ccd9', '90cd3b3d5546809287c0@qq.com', '00000000', 'f', 'f', 'f', 't', 'f', '2017-05-20 13:07:33');
INSERT INTO user_account(id,site_id,hospital_id,org_id,login_name,name,pwd_salt,password,email,telephone,is_super_admin,is_site_admin,is_local_admin,is_active,is_online,last_login_time) values ('1', '1', '1', '1', 'admin', 'administrator', 'b380e7bb58d700d5','092561820bad0790cd3b3d5546809287c0cb17e67e6b8dd28665b292560298da', 'apm.admin@ge.com', '', 't', 't', 't', 't', 't', '2016-10-17 10:57:00');
INSERT INTO user_account(id,site_id,hospital_id,org_id,login_name,name,pwd_salt,password,email,telephone,is_super_admin,is_site_admin,is_local_admin,is_active,is_online,last_login_time) values ('2', '2', '2', '2', 'head', '院长', 'b380e7bb58d700d5','092561820bad0790cd3b3d5546809287c0cb17e67e6b8dd28665b292560298da', 'head@a.com', null, 'f', 'f', 'f', 't', 'f', null);
INSERT INTO user_account(id,site_id,hospital_id,org_id,login_name,name,pwd_salt,password,email,telephone,is_super_admin,is_site_admin,is_local_admin,is_active,is_online,last_login_time) values ('3', '2', '2', '6', 'assetHead', '设备科主任', 'b380e7bb58d700d5','092561820bad0790cd3b3d5546809287c0cb17e67e6b8dd28665b292560298da', 'assethead@a.com', '', 'f', 'f', 'f', 't', 'f', null);
INSERT INTO user_account(id,site_id,hospital_id,org_id,login_name,name,pwd_salt,password,email,telephone,is_super_admin,is_site_admin,is_local_admin,is_active,is_online,last_login_time) values ('4', '2', '2', '4', 'deptHead', '放射科主任', 'b380e7bb58d700d5','092561820bad0790cd3b3d5546809287c0cb17e67e6b8dd28665b292560298da', 'radiologyHead@a.com', null, 'f', 'f', 'f', 't', 'f', null);
INSERT INTO user_account(id,site_id,hospital_id,org_id,login_name,name,pwd_salt,password,email,telephone,is_super_admin,is_site_admin,is_local_admin,is_active,is_online,last_login_time) values ('5', '2', '2', '6', 'user', '科员', 'b380e7bb58d700d5','092561820bad0790cd3b3d5546809287c0cb17e67e6b8dd28665b292560298da', 'asset.staff@a.com', null, 'f', 'f', 'f', 't', 'f', null);
INSERT INTO user_account(id,site_id,hospital_id,org_id,login_name,name,pwd_salt,password,email,telephone,is_super_admin,is_site_admin,is_local_admin,is_active,is_online,last_login_time) values ('6', '2', '2', '2', 'HPVP', 'Head of Hospital', 'b380e7bb58d700d5','092561820bad0790cd3b3d5546809287c0cb17e67e6b8dd28665b292560298da', 'head@a.com', null, 'f', 'f', 'f', 't', 'f', null);
INSERT INTO user_account(id,site_id,hospital_id,org_id,login_name,name,pwd_salt,password,email,telephone,is_super_admin,is_site_admin,is_local_admin,is_active,is_online,last_login_time) values ('7', '2', '2', '6', 'EQPHead', 'Head of Equipment Dept', 'b380e7bb58d700d5','092561820bad0790cd3b3d5546809287c0cb17e67e6b8dd28665b292560298da', 'assethead@a.com', '', 'f', 'f', 'f', 't', 'f', null);
INSERT INTO user_account(id,site_id,hospital_id,org_id,login_name,name,pwd_salt,password,email,telephone,is_super_admin,is_site_admin,is_local_admin,is_active,is_online,last_login_time) values ('8', '2', '2', '4', 'RADHead', 'Head of Radiology Dept', 'b380e7bb58d700d5','092561820bad0790cd3b3d5546809287c0cb17e67e6b8dd28665b292560298da', 'radiologyHead@a.com', null, 'f', 'f', 'f', 't', 'f', null);

INSERT INTO user_role(id,user_id,role_id) VALUES ('0', '0', '9');
INSERT INTO user_role(id,user_id,role_id) VALUES ('1', '2', '1');
INSERT INTO user_role(id,user_id,role_id) VALUES ('2', '3', '2');
INSERT INTO user_role(id,user_id,role_id) VALUES ('3', '4', '4');
INSERT INTO user_role(id,user_id,role_id) VALUES ('4', '5', '5');
INSERT INTO user_role(id,user_id,role_id) VALUES ('5', '5', '3');
INSERT INTO user_role(id,user_id,role_id) VALUES ('6', '6', '1');
INSERT INTO user_role(id,user_id,role_id) VALUES ('7', '7', '2');
INSERT INTO user_role(id,user_id,role_id) VALUES ('8', '8', '4');


SELECT setval('"tenant_info_id_seq"', 3, false);
SELECT setval('"org_info_id_seq"', 7, false);
SELECT setval('"sys_role_id_seq"', 7, false);
SELECT setval('"user_account_id_seq"', 9, false);
SELECT setval('"user_role_id_seq"', 9, false);
SELECT setval('"chart_config_id_seq"', 4, false);
SELECT setval('"data_table_config_id_seq"', 4, false);
SELECT setval('"field_code_type_id_seq"', 5, false);


--create index ix_exam_summit_site_id on exam_summit(site_id);
--create index ix_exam_summit_hospital_id on exam_summit(hospital_id);
--create index ix_exam_summit_asset_id on exam_summit(asset_id);
--create index ix_exam_summit_asset_group on exam_summit(asset_group);
--create index ix_exam_summit_dept_id on exam_summit(dept_id);
--create index ix_exam_summit_part_id on exam_summit(part_id);
--create index ix_exam_summit_subpart_id on exam_summit(subpart_id);
--create index ix_exam_summit_step_id on exam_summit(step_id);

INSERT INTO public.supplier (id, site_id, name) VALUES (-1, -1, '未知');
update asset_info set supplier_id = -1 where supplier_id is null;

delete from proc_part;
INSERT INTO public.proc_part (id, name) VALUES (1, '头部');
INSERT INTO public.proc_part (id, name) VALUES (2, '颈部');
INSERT INTO public.proc_part (id, name) VALUES (3, '胸部');
INSERT INTO public.proc_part (id, name) VALUES (4, '腹部');
INSERT INTO public.proc_part (id, name) VALUES (5, '盆部');
INSERT INTO public.proc_part (id, name) VALUES (6, '脊柱');
INSERT INTO public.proc_part (id, name) VALUES (7, '上肢');
INSERT INTO public.proc_part (id, name) VALUES (8, '下肢');
INSERT INTO public.proc_part (id, name) VALUES (9, '其它');

delete from proc_step;
INSERT INTO public.proc_step (id, part_id, name) VALUES (1, 1, 'step1');
INSERT INTO public.proc_step (id, part_id, name) VALUES (2, 1, 'step2');
INSERT INTO public.proc_step (id, part_id, name) VALUES (3, 1, 'step3');
INSERT INTO public.proc_step (id, part_id, name) VALUES (4, 1, 'step4');
INSERT INTO public.proc_step (id, part_id, name) VALUES (5, 1, 'step5');
INSERT INTO public.proc_step (id, part_id, name) VALUES (6, 2, 'step1');
INSERT INTO public.proc_step (id, part_id, name) VALUES (7, 2, 'step2');
INSERT INTO public.proc_step (id, part_id, name) VALUES (8, 2, 'step3');
INSERT INTO public.proc_step (id, part_id, name) VALUES (9, 2, 'step4');
INSERT INTO public.proc_step (id, part_id, name) VALUES (10, 2, 'step5');
INSERT INTO public.proc_step (id, part_id, name) VALUES (11, 3, 'step1');
INSERT INTO public.proc_step (id, part_id, name) VALUES (12, 3, 'step2');
INSERT INTO public.proc_step (id, part_id, name) VALUES (13, 3, 'step3');
INSERT INTO public.proc_step (id, part_id, name) VALUES (14, 3, 'step4');
INSERT INTO public.proc_step (id, part_id, name) VALUES (15, 3, 'step5');
INSERT INTO public.proc_step (id, part_id, name) VALUES (16, 4, 'step1');
INSERT INTO public.proc_step (id, part_id, name) VALUES (17, 4, 'step2');
INSERT INTO public.proc_step (id, part_id, name) VALUES (18, 4, 'step3');
INSERT INTO public.proc_step (id, part_id, name) VALUES (19, 4, 'step4');
INSERT INTO public.proc_step (id, part_id, name) VALUES (20, 4, 'step5');
INSERT INTO public.proc_step (id, part_id, name) VALUES (21, 5, 'step1');
INSERT INTO public.proc_step (id, part_id, name) VALUES (22, 5, 'step2');
INSERT INTO public.proc_step (id, part_id, name) VALUES (23, 5, 'step3');
INSERT INTO public.proc_step (id, part_id, name) VALUES (24, 5, 'step4');
INSERT INTO public.proc_step (id, part_id, name) VALUES (25, 5, 'step5');
INSERT INTO public.proc_step (id, part_id, name) VALUES (26, 6, 'step1');
INSERT INTO public.proc_step (id, part_id, name) VALUES (27, 6, 'step2');
INSERT INTO public.proc_step (id, part_id, name) VALUES (28, 6, 'step3');
INSERT INTO public.proc_step (id, part_id, name) VALUES (29, 6, 'step4');
INSERT INTO public.proc_step (id, part_id, name) VALUES (30, 6, 'step5');
INSERT INTO public.proc_step (id, part_id, name) VALUES (31, 7, 'step1');
INSERT INTO public.proc_step (id, part_id, name) VALUES (32, 7, 'step2');
INSERT INTO public.proc_step (id, part_id, name) VALUES (33, 7, 'step3');
INSERT INTO public.proc_step (id, part_id, name) VALUES (34, 7, 'step4');
INSERT INTO public.proc_step (id, part_id, name) VALUES (35, 7, 'step5');
INSERT INTO public.proc_step (id, part_id, name) VALUES (36, 8, 'step1');
INSERT INTO public.proc_step (id, part_id, name) VALUES (37, 8, 'step2');
INSERT INTO public.proc_step (id, part_id, name) VALUES (38, 8, 'step3');
INSERT INTO public.proc_step (id, part_id, name) VALUES (39, 8, 'step4');
INSERT INTO public.proc_step (id, part_id, name) VALUES (40, 8, 'step5');
INSERT INTO public.proc_step (id, part_id, name) VALUES (41, 9, 'step1');
INSERT INTO public.proc_step (id, part_id, name) VALUES (42, 9, 'step2');
INSERT INTO public.proc_step (id, part_id, name) VALUES (43, 9, 'step3');
INSERT INTO public.proc_step (id, part_id, name) VALUES (44, 9, 'step4');
INSERT INTO public.proc_step (id, part_id, name) VALUES (45, 9, 'step5');

delete from proc_map;
INSERT INTO public.proc_map (id, asset_group, part_id, subpart_id, step_id) VALUES (8911, 1, 1, null, 1);
INSERT INTO public.proc_map (id, asset_group, part_id, subpart_id, step_id) VALUES (8912, 1, 1, null, 2);
INSERT INTO public.proc_map (id, asset_group, part_id, subpart_id, step_id) VALUES (8913, 1, 1, null, 3);
INSERT INTO public.proc_map (id, asset_group, part_id, subpart_id, step_id) VALUES (8914, 1, 1, null, 4);
INSERT INTO public.proc_map (id, asset_group, part_id, subpart_id, step_id) VALUES (8915, 1, 1, null, 5);
INSERT INTO public.proc_map (id, asset_group, part_id, subpart_id, step_id) VALUES (8916, 1, 2, null, 6);
INSERT INTO public.proc_map (id, asset_group, part_id, subpart_id, step_id) VALUES (8917, 1, 2, null, 7);
INSERT INTO public.proc_map (id, asset_group, part_id, subpart_id, step_id) VALUES (8918, 1, 2, null, 8);
INSERT INTO public.proc_map (id, asset_group, part_id, subpart_id, step_id) VALUES (8919, 1, 2, null, 9);
INSERT INTO public.proc_map (id, asset_group, part_id, subpart_id, step_id) VALUES (8920, 1, 2, null, 10);
INSERT INTO public.proc_map (id, asset_group, part_id, subpart_id, step_id) VALUES (8921, 1, 3, null, 11);
INSERT INTO public.proc_map (id, asset_group, part_id, subpart_id, step_id) VALUES (8922, 1, 3, null, 12);
INSERT INTO public.proc_map (id, asset_group, part_id, subpart_id, step_id) VALUES (8923, 1, 3, null, 13);
INSERT INTO public.proc_map (id, asset_group, part_id, subpart_id, step_id) VALUES (8924, 1, 3, null, 14);
INSERT INTO public.proc_map (id, asset_group, part_id, subpart_id, step_id) VALUES (8925, 1, 3, null, 15);
INSERT INTO public.proc_map (id, asset_group, part_id, subpart_id, step_id) VALUES (8926, 1, 4, null, 16);
INSERT INTO public.proc_map (id, asset_group, part_id, subpart_id, step_id) VALUES (8927, 1, 4, null, 17);
INSERT INTO public.proc_map (id, asset_group, part_id, subpart_id, step_id) VALUES (8928, 1, 4, null, 18);
INSERT INTO public.proc_map (id, asset_group, part_id, subpart_id, step_id) VALUES (8929, 1, 4, null, 19);
INSERT INTO public.proc_map (id, asset_group, part_id, subpart_id, step_id) VALUES (8930, 1, 4, null, 20);
INSERT INTO public.proc_map (id, asset_group, part_id, subpart_id, step_id) VALUES (8931, 1, 5, null, 21);
INSERT INTO public.proc_map (id, asset_group, part_id, subpart_id, step_id) VALUES (8932, 1, 5, null, 22);
INSERT INTO public.proc_map (id, asset_group, part_id, subpart_id, step_id) VALUES (8933, 1, 5, null, 23);
INSERT INTO public.proc_map (id, asset_group, part_id, subpart_id, step_id) VALUES (8934, 1, 5, null, 24);
INSERT INTO public.proc_map (id, asset_group, part_id, subpart_id, step_id) VALUES (8935, 1, 5, null, 25);
INSERT INTO public.proc_map (id, asset_group, part_id, subpart_id, step_id) VALUES (8936, 1, 6, null, 26);
INSERT INTO public.proc_map (id, asset_group, part_id, subpart_id, step_id) VALUES (8937, 1, 6, null, 27);
INSERT INTO public.proc_map (id, asset_group, part_id, subpart_id, step_id) VALUES (8938, 1, 6, null, 28);
INSERT INTO public.proc_map (id, asset_group, part_id, subpart_id, step_id) VALUES (8939, 1, 6, null, 29);
INSERT INTO public.proc_map (id, asset_group, part_id, subpart_id, step_id) VALUES (8940, 1, 6, null, 30);
INSERT INTO public.proc_map (id, asset_group, part_id, subpart_id, step_id) VALUES (8941, 1, 7, null, 31);
INSERT INTO public.proc_map (id, asset_group, part_id, subpart_id, step_id) VALUES (8942, 1, 7, null, 32);
INSERT INTO public.proc_map (id, asset_group, part_id, subpart_id, step_id) VALUES (8943, 1, 7, null, 33);
INSERT INTO public.proc_map (id, asset_group, part_id, subpart_id, step_id) VALUES (8944, 1, 7, null, 34);
INSERT INTO public.proc_map (id, asset_group, part_id, subpart_id, step_id) VALUES (8945, 1, 7, null, 35);
INSERT INTO public.proc_map (id, asset_group, part_id, subpart_id, step_id) VALUES (8946, 1, 8, null, 36);
INSERT INTO public.proc_map (id, asset_group, part_id, subpart_id, step_id) VALUES (8947, 1, 8, null, 37);
INSERT INTO public.proc_map (id, asset_group, part_id, subpart_id, step_id) VALUES (8948, 1, 8, null, 38);
INSERT INTO public.proc_map (id, asset_group, part_id, subpart_id, step_id) VALUES (8949, 1, 8, null, 39);
INSERT INTO public.proc_map (id, asset_group, part_id, subpart_id, step_id) VALUES (8950, 1, 8, null, 40);
INSERT INTO public.proc_map (id, asset_group, part_id, subpart_id, step_id) VALUES (8951, 1, 9, null, 41);
INSERT INTO public.proc_map (id, asset_group, part_id, subpart_id, step_id) VALUES (8952, 1, 9, null, 42);
INSERT INTO public.proc_map (id, asset_group, part_id, subpart_id, step_id) VALUES (8953, 1, 9, null, 43);
INSERT INTO public.proc_map (id, asset_group, part_id, subpart_id, step_id) VALUES (8954, 1, 9, null, 44);
INSERT INTO public.proc_map (id, asset_group, part_id, subpart_id, step_id) VALUES (8955, 1, 9, null, 45);
INSERT INTO public.proc_map (id, asset_group, part_id, subpart_id, step_id) VALUES (8956, 2, 1, null, 1);
INSERT INTO public.proc_map (id, asset_group, part_id, subpart_id, step_id) VALUES (8957, 2, 1, null, 2);
INSERT INTO public.proc_map (id, asset_group, part_id, subpart_id, step_id) VALUES (8958, 2, 1, null, 3);
INSERT INTO public.proc_map (id, asset_group, part_id, subpart_id, step_id) VALUES (8959, 2, 1, null, 4);
INSERT INTO public.proc_map (id, asset_group, part_id, subpart_id, step_id) VALUES (8960, 2, 1, null, 5);
INSERT INTO public.proc_map (id, asset_group, part_id, subpart_id, step_id) VALUES (8961, 2, 2, null, 6);
INSERT INTO public.proc_map (id, asset_group, part_id, subpart_id, step_id) VALUES (8962, 2, 2, null, 7);
INSERT INTO public.proc_map (id, asset_group, part_id, subpart_id, step_id) VALUES (8963, 2, 2, null, 8);
INSERT INTO public.proc_map (id, asset_group, part_id, subpart_id, step_id) VALUES (8964, 2, 2, null, 9);
INSERT INTO public.proc_map (id, asset_group, part_id, subpart_id, step_id) VALUES (8965, 2, 2, null, 10);
INSERT INTO public.proc_map (id, asset_group, part_id, subpart_id, step_id) VALUES (8966, 2, 3, null, 11);
INSERT INTO public.proc_map (id, asset_group, part_id, subpart_id, step_id) VALUES (8967, 2, 3, null, 12);
INSERT INTO public.proc_map (id, asset_group, part_id, subpart_id, step_id) VALUES (8968, 2, 3, null, 13);
INSERT INTO public.proc_map (id, asset_group, part_id, subpart_id, step_id) VALUES (8969, 2, 3, null, 14);
INSERT INTO public.proc_map (id, asset_group, part_id, subpart_id, step_id) VALUES (8970, 2, 3, null, 15);
INSERT INTO public.proc_map (id, asset_group, part_id, subpart_id, step_id) VALUES (8971, 2, 4, null, 16);
INSERT INTO public.proc_map (id, asset_group, part_id, subpart_id, step_id) VALUES (8972, 2, 4, null, 17);
INSERT INTO public.proc_map (id, asset_group, part_id, subpart_id, step_id) VALUES (8973, 2, 4, null, 18);
INSERT INTO public.proc_map (id, asset_group, part_id, subpart_id, step_id) VALUES (8974, 2, 4, null, 19);
INSERT INTO public.proc_map (id, asset_group, part_id, subpart_id, step_id) VALUES (8975, 2, 4, null, 20);
INSERT INTO public.proc_map (id, asset_group, part_id, subpart_id, step_id) VALUES (8976, 2, 5, null, 21);
INSERT INTO public.proc_map (id, asset_group, part_id, subpart_id, step_id) VALUES (8977, 2, 5, null, 22);
INSERT INTO public.proc_map (id, asset_group, part_id, subpart_id, step_id) VALUES (8978, 2, 5, null, 23);
INSERT INTO public.proc_map (id, asset_group, part_id, subpart_id, step_id) VALUES (8979, 2, 5, null, 24);
INSERT INTO public.proc_map (id, asset_group, part_id, subpart_id, step_id) VALUES (8980, 2, 5, null, 25);
INSERT INTO public.proc_map (id, asset_group, part_id, subpart_id, step_id) VALUES (8981, 2, 6, null, 26);
INSERT INTO public.proc_map (id, asset_group, part_id, subpart_id, step_id) VALUES (8982, 2, 6, null, 27);
INSERT INTO public.proc_map (id, asset_group, part_id, subpart_id, step_id) VALUES (8983, 2, 6, null, 28);
INSERT INTO public.proc_map (id, asset_group, part_id, subpart_id, step_id) VALUES (8984, 2, 6, null, 29);
INSERT INTO public.proc_map (id, asset_group, part_id, subpart_id, step_id) VALUES (8985, 2, 6, null, 30);
INSERT INTO public.proc_map (id, asset_group, part_id, subpart_id, step_id) VALUES (8986, 2, 7, null, 31);
INSERT INTO public.proc_map (id, asset_group, part_id, subpart_id, step_id) VALUES (8987, 2, 7, null, 32);
INSERT INTO public.proc_map (id, asset_group, part_id, subpart_id, step_id) VALUES (8988, 2, 7, null, 33);
INSERT INTO public.proc_map (id, asset_group, part_id, subpart_id, step_id) VALUES (8989, 2, 7, null, 34);
INSERT INTO public.proc_map (id, asset_group, part_id, subpart_id, step_id) VALUES (8990, 2, 7, null, 35);
INSERT INTO public.proc_map (id, asset_group, part_id, subpart_id, step_id) VALUES (8991, 2, 8, null, 36);
INSERT INTO public.proc_map (id, asset_group, part_id, subpart_id, step_id) VALUES (8992, 2, 8, null, 37);
INSERT INTO public.proc_map (id, asset_group, part_id, subpart_id, step_id) VALUES (8993, 2, 8, null, 38);
INSERT INTO public.proc_map (id, asset_group, part_id, subpart_id, step_id) VALUES (8994, 2, 8, null, 39);
INSERT INTO public.proc_map (id, asset_group, part_id, subpart_id, step_id) VALUES (8995, 2, 8, null, 40);
INSERT INTO public.proc_map (id, asset_group, part_id, subpart_id, step_id) VALUES (8996, 2, 9, null, 41);
INSERT INTO public.proc_map (id, asset_group, part_id, subpart_id, step_id) VALUES (8997, 2, 9, null, 42);
INSERT INTO public.proc_map (id, asset_group, part_id, subpart_id, step_id) VALUES (8998, 2, 9, null, 43);
INSERT INTO public.proc_map (id, asset_group, part_id, subpart_id, step_id) VALUES (8999, 2, 9, null, 44);
INSERT INTO public.proc_map (id, asset_group, part_id, subpart_id, step_id) VALUES (9000, 2, 9, null, 45);
INSERT INTO public.proc_map (id, asset_group, part_id, subpart_id, step_id) VALUES (9001, 3, 1, null, 1);
INSERT INTO public.proc_map (id, asset_group, part_id, subpart_id, step_id) VALUES (9002, 3, 1, null, 2);
INSERT INTO public.proc_map (id, asset_group, part_id, subpart_id, step_id) VALUES (9003, 3, 1, null, 3);
INSERT INTO public.proc_map (id, asset_group, part_id, subpart_id, step_id) VALUES (9004, 3, 1, null, 4);
INSERT INTO public.proc_map (id, asset_group, part_id, subpart_id, step_id) VALUES (9005, 3, 1, null, 5);
INSERT INTO public.proc_map (id, asset_group, part_id, subpart_id, step_id) VALUES (9006, 3, 2, null, 6);
INSERT INTO public.proc_map (id, asset_group, part_id, subpart_id, step_id) VALUES (9007, 3, 2, null, 7);
INSERT INTO public.proc_map (id, asset_group, part_id, subpart_id, step_id) VALUES (9008, 3, 2, null, 8);
INSERT INTO public.proc_map (id, asset_group, part_id, subpart_id, step_id) VALUES (9009, 3, 2, null, 9);
INSERT INTO public.proc_map (id, asset_group, part_id, subpart_id, step_id) VALUES (9010, 3, 2, null, 10);
INSERT INTO public.proc_map (id, asset_group, part_id, subpart_id, step_id) VALUES (9011, 3, 3, null, 11);
INSERT INTO public.proc_map (id, asset_group, part_id, subpart_id, step_id) VALUES (9012, 3, 3, null, 12);
INSERT INTO public.proc_map (id, asset_group, part_id, subpart_id, step_id) VALUES (9013, 3, 3, null, 13);
INSERT INTO public.proc_map (id, asset_group, part_id, subpart_id, step_id) VALUES (9014, 3, 3, null, 14);
INSERT INTO public.proc_map (id, asset_group, part_id, subpart_id, step_id) VALUES (9015, 3, 3, null, 15);
INSERT INTO public.proc_map (id, asset_group, part_id, subpart_id, step_id) VALUES (9016, 3, 4, null, 16);
INSERT INTO public.proc_map (id, asset_group, part_id, subpart_id, step_id) VALUES (9017, 3, 4, null, 17);
INSERT INTO public.proc_map (id, asset_group, part_id, subpart_id, step_id) VALUES (9018, 3, 4, null, 18);
INSERT INTO public.proc_map (id, asset_group, part_id, subpart_id, step_id) VALUES (9019, 3, 4, null, 19);
INSERT INTO public.proc_map (id, asset_group, part_id, subpart_id, step_id) VALUES (9020, 3, 4, null, 20);
INSERT INTO public.proc_map (id, asset_group, part_id, subpart_id, step_id) VALUES (9021, 3, 5, null, 21);
INSERT INTO public.proc_map (id, asset_group, part_id, subpart_id, step_id) VALUES (9022, 3, 5, null, 22);
INSERT INTO public.proc_map (id, asset_group, part_id, subpart_id, step_id) VALUES (9023, 3, 5, null, 23);
INSERT INTO public.proc_map (id, asset_group, part_id, subpart_id, step_id) VALUES (9024, 3, 5, null, 24);
INSERT INTO public.proc_map (id, asset_group, part_id, subpart_id, step_id) VALUES (9025, 3, 5, null, 25);
INSERT INTO public.proc_map (id, asset_group, part_id, subpart_id, step_id) VALUES (9026, 3, 6, null, 26);
INSERT INTO public.proc_map (id, asset_group, part_id, subpart_id, step_id) VALUES (9027, 3, 6, null, 27);
INSERT INTO public.proc_map (id, asset_group, part_id, subpart_id, step_id) VALUES (9028, 3, 6, null, 28);
INSERT INTO public.proc_map (id, asset_group, part_id, subpart_id, step_id) VALUES (9029, 3, 6, null, 29);
INSERT INTO public.proc_map (id, asset_group, part_id, subpart_id, step_id) VALUES (9030, 3, 6, null, 30);
INSERT INTO public.proc_map (id, asset_group, part_id, subpart_id, step_id) VALUES (9031, 3, 7, null, 31);
INSERT INTO public.proc_map (id, asset_group, part_id, subpart_id, step_id) VALUES (9032, 3, 7, null, 32);
INSERT INTO public.proc_map (id, asset_group, part_id, subpart_id, step_id) VALUES (9033, 3, 7, null, 33);
INSERT INTO public.proc_map (id, asset_group, part_id, subpart_id, step_id) VALUES (9034, 3, 7, null, 34);
INSERT INTO public.proc_map (id, asset_group, part_id, subpart_id, step_id) VALUES (9035, 3, 7, null, 35);
INSERT INTO public.proc_map (id, asset_group, part_id, subpart_id, step_id) VALUES (9036, 3, 8, null, 36);
INSERT INTO public.proc_map (id, asset_group, part_id, subpart_id, step_id) VALUES (9037, 3, 8, null, 37);
INSERT INTO public.proc_map (id, asset_group, part_id, subpart_id, step_id) VALUES (9038, 3, 8, null, 38);
INSERT INTO public.proc_map (id, asset_group, part_id, subpart_id, step_id) VALUES (9039, 3, 8, null, 39);
INSERT INTO public.proc_map (id, asset_group, part_id, subpart_id, step_id) VALUES (9040, 3, 8, null, 40);
INSERT INTO public.proc_map (id, asset_group, part_id, subpart_id, step_id) VALUES (9041, 3, 9, null, 41);
INSERT INTO public.proc_map (id, asset_group, part_id, subpart_id, step_id) VALUES (9042, 3, 9, null, 42);
INSERT INTO public.proc_map (id, asset_group, part_id, subpart_id, step_id) VALUES (9043, 3, 9, null, 43);
INSERT INTO public.proc_map (id, asset_group, part_id, subpart_id, step_id) VALUES (9044, 3, 9, null, 44);
INSERT INTO public.proc_map (id, asset_group, part_id, subpart_id, step_id) VALUES (9045, 3, 9, null, 45);
INSERT INTO public.proc_map (id, asset_group, part_id, subpart_id, step_id) VALUES (9046, 4, 1, null, 1);
INSERT INTO public.proc_map (id, asset_group, part_id, subpart_id, step_id) VALUES (9047, 4, 1, null, 2);
INSERT INTO public.proc_map (id, asset_group, part_id, subpart_id, step_id) VALUES (9048, 4, 1, null, 3);
INSERT INTO public.proc_map (id, asset_group, part_id, subpart_id, step_id) VALUES (9049, 4, 1, null, 4);
INSERT INTO public.proc_map (id, asset_group, part_id, subpart_id, step_id) VALUES (9050, 4, 1, null, 5);
INSERT INTO public.proc_map (id, asset_group, part_id, subpart_id, step_id) VALUES (9051, 4, 2, null, 6);
INSERT INTO public.proc_map (id, asset_group, part_id, subpart_id, step_id) VALUES (9052, 4, 2, null, 7);
INSERT INTO public.proc_map (id, asset_group, part_id, subpart_id, step_id) VALUES (9053, 4, 2, null, 8);
INSERT INTO public.proc_map (id, asset_group, part_id, subpart_id, step_id) VALUES (9054, 4, 2, null, 9);
INSERT INTO public.proc_map (id, asset_group, part_id, subpart_id, step_id) VALUES (9055, 4, 2, null, 10);
INSERT INTO public.proc_map (id, asset_group, part_id, subpart_id, step_id) VALUES (9056, 4, 3, null, 11);
INSERT INTO public.proc_map (id, asset_group, part_id, subpart_id, step_id) VALUES (9057, 4, 3, null, 12);
INSERT INTO public.proc_map (id, asset_group, part_id, subpart_id, step_id) VALUES (9058, 4, 3, null, 13);
INSERT INTO public.proc_map (id, asset_group, part_id, subpart_id, step_id) VALUES (9059, 4, 3, null, 14);
INSERT INTO public.proc_map (id, asset_group, part_id, subpart_id, step_id) VALUES (9060, 4, 3, null, 15);
INSERT INTO public.proc_map (id, asset_group, part_id, subpart_id, step_id) VALUES (9061, 4, 4, null, 16);
INSERT INTO public.proc_map (id, asset_group, part_id, subpart_id, step_id) VALUES (9062, 4, 4, null, 17);
INSERT INTO public.proc_map (id, asset_group, part_id, subpart_id, step_id) VALUES (9063, 4, 4, null, 18);
INSERT INTO public.proc_map (id, asset_group, part_id, subpart_id, step_id) VALUES (9064, 4, 4, null, 19);
INSERT INTO public.proc_map (id, asset_group, part_id, subpart_id, step_id) VALUES (9065, 4, 4, null, 20);
INSERT INTO public.proc_map (id, asset_group, part_id, subpart_id, step_id) VALUES (9066, 4, 5, null, 21);
INSERT INTO public.proc_map (id, asset_group, part_id, subpart_id, step_id) VALUES (9067, 4, 5, null, 22);
INSERT INTO public.proc_map (id, asset_group, part_id, subpart_id, step_id) VALUES (9068, 4, 5, null, 23);
INSERT INTO public.proc_map (id, asset_group, part_id, subpart_id, step_id) VALUES (9069, 4, 5, null, 24);
INSERT INTO public.proc_map (id, asset_group, part_id, subpart_id, step_id) VALUES (9070, 4, 5, null, 25);
INSERT INTO public.proc_map (id, asset_group, part_id, subpart_id, step_id) VALUES (9071, 4, 6, null, 26);
INSERT INTO public.proc_map (id, asset_group, part_id, subpart_id, step_id) VALUES (9072, 4, 6, null, 27);
INSERT INTO public.proc_map (id, asset_group, part_id, subpart_id, step_id) VALUES (9073, 4, 6, null, 28);
INSERT INTO public.proc_map (id, asset_group, part_id, subpart_id, step_id) VALUES (9074, 4, 6, null, 29);
INSERT INTO public.proc_map (id, asset_group, part_id, subpart_id, step_id) VALUES (9075, 4, 6, null, 30);
INSERT INTO public.proc_map (id, asset_group, part_id, subpart_id, step_id) VALUES (9076, 4, 7, null, 31);
INSERT INTO public.proc_map (id, asset_group, part_id, subpart_id, step_id) VALUES (9077, 4, 7, null, 32);
INSERT INTO public.proc_map (id, asset_group, part_id, subpart_id, step_id) VALUES (9078, 4, 7, null, 33);
INSERT INTO public.proc_map (id, asset_group, part_id, subpart_id, step_id) VALUES (9079, 4, 7, null, 34);
INSERT INTO public.proc_map (id, asset_group, part_id, subpart_id, step_id) VALUES (9080, 4, 7, null, 35);
INSERT INTO public.proc_map (id, asset_group, part_id, subpart_id, step_id) VALUES (9081, 4, 8, null, 36);
INSERT INTO public.proc_map (id, asset_group, part_id, subpart_id, step_id) VALUES (9082, 4, 8, null, 37);
INSERT INTO public.proc_map (id, asset_group, part_id, subpart_id, step_id) VALUES (9083, 4, 8, null, 38);
INSERT INTO public.proc_map (id, asset_group, part_id, subpart_id, step_id) VALUES (9084, 4, 8, null, 39);
INSERT INTO public.proc_map (id, asset_group, part_id, subpart_id, step_id) VALUES (9085, 4, 8, null, 40);
INSERT INTO public.proc_map (id, asset_group, part_id, subpart_id, step_id) VALUES (9086, 4, 9, null, 41);
INSERT INTO public.proc_map (id, asset_group, part_id, subpart_id, step_id) VALUES (9087, 4, 9, null, 42);
INSERT INTO public.proc_map (id, asset_group, part_id, subpart_id, step_id) VALUES (9088, 4, 9, null, 43);
INSERT INTO public.proc_map (id, asset_group, part_id, subpart_id, step_id) VALUES (9089, 4, 9, null, 44);
INSERT INTO public.proc_map (id, asset_group, part_id, subpart_id, step_id) VALUES (9090, 4, 9, null, 45);
INSERT INTO public.proc_map (id, asset_group, part_id, subpart_id, step_id) VALUES (9091, 5, 1, null, 1);
INSERT INTO public.proc_map (id, asset_group, part_id, subpart_id, step_id) VALUES (9092, 5, 1, null, 2);
INSERT INTO public.proc_map (id, asset_group, part_id, subpart_id, step_id) VALUES (9093, 5, 1, null, 3);
INSERT INTO public.proc_map (id, asset_group, part_id, subpart_id, step_id) VALUES (9094, 5, 1, null, 4);
INSERT INTO public.proc_map (id, asset_group, part_id, subpart_id, step_id) VALUES (9095, 5, 1, null, 5);
INSERT INTO public.proc_map (id, asset_group, part_id, subpart_id, step_id) VALUES (9096, 5, 2, null, 6);
INSERT INTO public.proc_map (id, asset_group, part_id, subpart_id, step_id) VALUES (9097, 5, 2, null, 7);
INSERT INTO public.proc_map (id, asset_group, part_id, subpart_id, step_id) VALUES (9098, 5, 2, null, 8);
INSERT INTO public.proc_map (id, asset_group, part_id, subpart_id, step_id) VALUES (9099, 5, 2, null, 9);
INSERT INTO public.proc_map (id, asset_group, part_id, subpart_id, step_id) VALUES (9100, 5, 2, null, 10);
INSERT INTO public.proc_map (id, asset_group, part_id, subpart_id, step_id) VALUES (9101, 5, 3, null, 11);
INSERT INTO public.proc_map (id, asset_group, part_id, subpart_id, step_id) VALUES (9102, 5, 3, null, 12);
INSERT INTO public.proc_map (id, asset_group, part_id, subpart_id, step_id) VALUES (9103, 5, 3, null, 13);
INSERT INTO public.proc_map (id, asset_group, part_id, subpart_id, step_id) VALUES (9104, 5, 3, null, 14);
INSERT INTO public.proc_map (id, asset_group, part_id, subpart_id, step_id) VALUES (9105, 5, 3, null, 15);
INSERT INTO public.proc_map (id, asset_group, part_id, subpart_id, step_id) VALUES (9106, 5, 4, null, 16);
INSERT INTO public.proc_map (id, asset_group, part_id, subpart_id, step_id) VALUES (9107, 5, 4, null, 17);
INSERT INTO public.proc_map (id, asset_group, part_id, subpart_id, step_id) VALUES (9108, 5, 4, null, 18);
INSERT INTO public.proc_map (id, asset_group, part_id, subpart_id, step_id) VALUES (9109, 5, 4, null, 19);
INSERT INTO public.proc_map (id, asset_group, part_id, subpart_id, step_id) VALUES (9110, 5, 4, null, 20);
INSERT INTO public.proc_map (id, asset_group, part_id, subpart_id, step_id) VALUES (9111, 5, 5, null, 21);
INSERT INTO public.proc_map (id, asset_group, part_id, subpart_id, step_id) VALUES (9112, 5, 5, null, 22);
INSERT INTO public.proc_map (id, asset_group, part_id, subpart_id, step_id) VALUES (9113, 5, 5, null, 23);
INSERT INTO public.proc_map (id, asset_group, part_id, subpart_id, step_id) VALUES (9114, 5, 5, null, 24);
INSERT INTO public.proc_map (id, asset_group, part_id, subpart_id, step_id) VALUES (9115, 5, 5, null, 25);
INSERT INTO public.proc_map (id, asset_group, part_id, subpart_id, step_id) VALUES (9116, 5, 6, null, 26);
INSERT INTO public.proc_map (id, asset_group, part_id, subpart_id, step_id) VALUES (9117, 5, 6, null, 27);
INSERT INTO public.proc_map (id, asset_group, part_id, subpart_id, step_id) VALUES (9118, 5, 6, null, 28);
INSERT INTO public.proc_map (id, asset_group, part_id, subpart_id, step_id) VALUES (9119, 5, 6, null, 29);
INSERT INTO public.proc_map (id, asset_group, part_id, subpart_id, step_id) VALUES (9120, 5, 6, null, 30);
INSERT INTO public.proc_map (id, asset_group, part_id, subpart_id, step_id) VALUES (9121, 5, 7, null, 31);
INSERT INTO public.proc_map (id, asset_group, part_id, subpart_id, step_id) VALUES (9122, 5, 7, null, 32);
INSERT INTO public.proc_map (id, asset_group, part_id, subpart_id, step_id) VALUES (9123, 5, 7, null, 33);
INSERT INTO public.proc_map (id, asset_group, part_id, subpart_id, step_id) VALUES (9124, 5, 7, null, 34);
INSERT INTO public.proc_map (id, asset_group, part_id, subpart_id, step_id) VALUES (9125, 5, 7, null, 35);
INSERT INTO public.proc_map (id, asset_group, part_id, subpart_id, step_id) VALUES (9126, 5, 8, null, 36);
INSERT INTO public.proc_map (id, asset_group, part_id, subpart_id, step_id) VALUES (9127, 5, 8, null, 37);
INSERT INTO public.proc_map (id, asset_group, part_id, subpart_id, step_id) VALUES (9128, 5, 8, null, 38);
INSERT INTO public.proc_map (id, asset_group, part_id, subpart_id, step_id) VALUES (9129, 5, 8, null, 39);
INSERT INTO public.proc_map (id, asset_group, part_id, subpart_id, step_id) VALUES (9130, 5, 8, null, 40);
INSERT INTO public.proc_map (id, asset_group, part_id, subpart_id, step_id) VALUES (9131, 5, 9, null, 41);
INSERT INTO public.proc_map (id, asset_group, part_id, subpart_id, step_id) VALUES (9132, 5, 9, null, 42);
INSERT INTO public.proc_map (id, asset_group, part_id, subpart_id, step_id) VALUES (9133, 5, 9, null, 43);
INSERT INTO public.proc_map (id, asset_group, part_id, subpart_id, step_id) VALUES (9134, 5, 9, null, 44);
INSERT INTO public.proc_map (id, asset_group, part_id, subpart_id, step_id) VALUES (9135, 5, 9, null, 45);
INSERT INTO public.proc_map (id, asset_group, part_id, subpart_id, step_id) VALUES (9136, 6, 1, null, 1);
INSERT INTO public.proc_map (id, asset_group, part_id, subpart_id, step_id) VALUES (9137, 6, 1, null, 2);
INSERT INTO public.proc_map (id, asset_group, part_id, subpart_id, step_id) VALUES (9138, 6, 1, null, 3);
INSERT INTO public.proc_map (id, asset_group, part_id, subpart_id, step_id) VALUES (9139, 6, 1, null, 4);
INSERT INTO public.proc_map (id, asset_group, part_id, subpart_id, step_id) VALUES (9140, 6, 1, null, 5);
INSERT INTO public.proc_map (id, asset_group, part_id, subpart_id, step_id) VALUES (9141, 6, 2, null, 6);
INSERT INTO public.proc_map (id, asset_group, part_id, subpart_id, step_id) VALUES (9142, 6, 2, null, 7);
INSERT INTO public.proc_map (id, asset_group, part_id, subpart_id, step_id) VALUES (9143, 6, 2, null, 8);
INSERT INTO public.proc_map (id, asset_group, part_id, subpart_id, step_id) VALUES (9144, 6, 2, null, 9);
INSERT INTO public.proc_map (id, asset_group, part_id, subpart_id, step_id) VALUES (9145, 6, 2, null, 10);
INSERT INTO public.proc_map (id, asset_group, part_id, subpart_id, step_id) VALUES (9146, 6, 3, null, 11);
INSERT INTO public.proc_map (id, asset_group, part_id, subpart_id, step_id) VALUES (9147, 6, 3, null, 12);
INSERT INTO public.proc_map (id, asset_group, part_id, subpart_id, step_id) VALUES (9148, 6, 3, null, 13);
INSERT INTO public.proc_map (id, asset_group, part_id, subpart_id, step_id) VALUES (9149, 6, 3, null, 14);
INSERT INTO public.proc_map (id, asset_group, part_id, subpart_id, step_id) VALUES (9150, 6, 3, null, 15);
INSERT INTO public.proc_map (id, asset_group, part_id, subpart_id, step_id) VALUES (9151, 6, 4, null, 16);
INSERT INTO public.proc_map (id, asset_group, part_id, subpart_id, step_id) VALUES (9152, 6, 4, null, 17);
INSERT INTO public.proc_map (id, asset_group, part_id, subpart_id, step_id) VALUES (9153, 6, 4, null, 18);
INSERT INTO public.proc_map (id, asset_group, part_id, subpart_id, step_id) VALUES (9154, 6, 4, null, 19);
INSERT INTO public.proc_map (id, asset_group, part_id, subpart_id, step_id) VALUES (9155, 6, 4, null, 20);
INSERT INTO public.proc_map (id, asset_group, part_id, subpart_id, step_id) VALUES (9156, 6, 5, null, 21);
INSERT INTO public.proc_map (id, asset_group, part_id, subpart_id, step_id) VALUES (9157, 6, 5, null, 22);
INSERT INTO public.proc_map (id, asset_group, part_id, subpart_id, step_id) VALUES (9158, 6, 5, null, 23);
INSERT INTO public.proc_map (id, asset_group, part_id, subpart_id, step_id) VALUES (9159, 6, 5, null, 24);
INSERT INTO public.proc_map (id, asset_group, part_id, subpart_id, step_id) VALUES (9160, 6, 5, null, 25);
INSERT INTO public.proc_map (id, asset_group, part_id, subpart_id, step_id) VALUES (9161, 6, 6, null, 26);
INSERT INTO public.proc_map (id, asset_group, part_id, subpart_id, step_id) VALUES (9162, 6, 6, null, 27);
INSERT INTO public.proc_map (id, asset_group, part_id, subpart_id, step_id) VALUES (9163, 6, 6, null, 28);
INSERT INTO public.proc_map (id, asset_group, part_id, subpart_id, step_id) VALUES (9164, 6, 6, null, 29);
INSERT INTO public.proc_map (id, asset_group, part_id, subpart_id, step_id) VALUES (9165, 6, 6, null, 30);
INSERT INTO public.proc_map (id, asset_group, part_id, subpart_id, step_id) VALUES (9166, 6, 7, null, 31);
INSERT INTO public.proc_map (id, asset_group, part_id, subpart_id, step_id) VALUES (9167, 6, 7, null, 32);
INSERT INTO public.proc_map (id, asset_group, part_id, subpart_id, step_id) VALUES (9168, 6, 7, null, 33);
INSERT INTO public.proc_map (id, asset_group, part_id, subpart_id, step_id) VALUES (9169, 6, 7, null, 34);
INSERT INTO public.proc_map (id, asset_group, part_id, subpart_id, step_id) VALUES (9170, 6, 7, null, 35);
INSERT INTO public.proc_map (id, asset_group, part_id, subpart_id, step_id) VALUES (9171, 6, 8, null, 36);
INSERT INTO public.proc_map (id, asset_group, part_id, subpart_id, step_id) VALUES (9172, 6, 8, null, 37);
INSERT INTO public.proc_map (id, asset_group, part_id, subpart_id, step_id) VALUES (9173, 6, 8, null, 38);
INSERT INTO public.proc_map (id, asset_group, part_id, subpart_id, step_id) VALUES (9174, 6, 8, null, 39);
INSERT INTO public.proc_map (id, asset_group, part_id, subpart_id, step_id) VALUES (9175, 6, 8, null, 40);
INSERT INTO public.proc_map (id, asset_group, part_id, subpart_id, step_id) VALUES (9176, 6, 9, null, 41);
INSERT INTO public.proc_map (id, asset_group, part_id, subpart_id, step_id) VALUES (9177, 6, 9, null, 42);
INSERT INTO public.proc_map (id, asset_group, part_id, subpart_id, step_id) VALUES (9178, 6, 9, null, 43);
INSERT INTO public.proc_map (id, asset_group, part_id, subpart_id, step_id) VALUES (9179, 6, 9, null, 44);
INSERT INTO public.proc_map (id, asset_group, part_id, subpart_id, step_id) VALUES (9180, 6, 9, null, 45);
INSERT INTO public.proc_map (id, asset_group, part_id, subpart_id, step_id) VALUES (9181, 7, 1, null, 1);
INSERT INTO public.proc_map (id, asset_group, part_id, subpart_id, step_id) VALUES (9182, 7, 1, null, 2);
INSERT INTO public.proc_map (id, asset_group, part_id, subpart_id, step_id) VALUES (9183, 7, 1, null, 3);
INSERT INTO public.proc_map (id, asset_group, part_id, subpart_id, step_id) VALUES (9184, 7, 1, null, 4);
INSERT INTO public.proc_map (id, asset_group, part_id, subpart_id, step_id) VALUES (9185, 7, 1, null, 5);
INSERT INTO public.proc_map (id, asset_group, part_id, subpart_id, step_id) VALUES (9186, 7, 2, null, 6);
INSERT INTO public.proc_map (id, asset_group, part_id, subpart_id, step_id) VALUES (9187, 7, 2, null, 7);
INSERT INTO public.proc_map (id, asset_group, part_id, subpart_id, step_id) VALUES (9188, 7, 2, null, 8);
INSERT INTO public.proc_map (id, asset_group, part_id, subpart_id, step_id) VALUES (9189, 7, 2, null, 9);
INSERT INTO public.proc_map (id, asset_group, part_id, subpart_id, step_id) VALUES (9190, 7, 2, null, 10);
INSERT INTO public.proc_map (id, asset_group, part_id, subpart_id, step_id) VALUES (9191, 7, 3, null, 11);
INSERT INTO public.proc_map (id, asset_group, part_id, subpart_id, step_id) VALUES (9192, 7, 3, null, 12);
INSERT INTO public.proc_map (id, asset_group, part_id, subpart_id, step_id) VALUES (9193, 7, 3, null, 13);
INSERT INTO public.proc_map (id, asset_group, part_id, subpart_id, step_id) VALUES (9194, 7, 3, null, 14);
INSERT INTO public.proc_map (id, asset_group, part_id, subpart_id, step_id) VALUES (9195, 7, 3, null, 15);
INSERT INTO public.proc_map (id, asset_group, part_id, subpart_id, step_id) VALUES (9196, 7, 4, null, 16);
INSERT INTO public.proc_map (id, asset_group, part_id, subpart_id, step_id) VALUES (9197, 7, 4, null, 17);
INSERT INTO public.proc_map (id, asset_group, part_id, subpart_id, step_id) VALUES (9198, 7, 4, null, 18);
INSERT INTO public.proc_map (id, asset_group, part_id, subpart_id, step_id) VALUES (9199, 7, 4, null, 19);
INSERT INTO public.proc_map (id, asset_group, part_id, subpart_id, step_id) VALUES (9200, 7, 4, null, 20);
INSERT INTO public.proc_map (id, asset_group, part_id, subpart_id, step_id) VALUES (9201, 7, 5, null, 21);
INSERT INTO public.proc_map (id, asset_group, part_id, subpart_id, step_id) VALUES (9202, 7, 5, null, 22);
INSERT INTO public.proc_map (id, asset_group, part_id, subpart_id, step_id) VALUES (9203, 7, 5, null, 23);
INSERT INTO public.proc_map (id, asset_group, part_id, subpart_id, step_id) VALUES (9204, 7, 5, null, 24);
INSERT INTO public.proc_map (id, asset_group, part_id, subpart_id, step_id) VALUES (9205, 7, 5, null, 25);
INSERT INTO public.proc_map (id, asset_group, part_id, subpart_id, step_id) VALUES (9206, 7, 6, null, 26);
INSERT INTO public.proc_map (id, asset_group, part_id, subpart_id, step_id) VALUES (9207, 7, 6, null, 27);
INSERT INTO public.proc_map (id, asset_group, part_id, subpart_id, step_id) VALUES (9208, 7, 6, null, 28);
INSERT INTO public.proc_map (id, asset_group, part_id, subpart_id, step_id) VALUES (9209, 7, 6, null, 29);
INSERT INTO public.proc_map (id, asset_group, part_id, subpart_id, step_id) VALUES (9210, 7, 6, null, 30);
INSERT INTO public.proc_map (id, asset_group, part_id, subpart_id, step_id) VALUES (9211, 7, 7, null, 31);
INSERT INTO public.proc_map (id, asset_group, part_id, subpart_id, step_id) VALUES (9212, 7, 7, null, 32);
INSERT INTO public.proc_map (id, asset_group, part_id, subpart_id, step_id) VALUES (9213, 7, 7, null, 33);
INSERT INTO public.proc_map (id, asset_group, part_id, subpart_id, step_id) VALUES (9214, 7, 7, null, 34);
INSERT INTO public.proc_map (id, asset_group, part_id, subpart_id, step_id) VALUES (9215, 7, 7, null, 35);
INSERT INTO public.proc_map (id, asset_group, part_id, subpart_id, step_id) VALUES (9216, 7, 8, null, 36);
INSERT INTO public.proc_map (id, asset_group, part_id, subpart_id, step_id) VALUES (9217, 7, 8, null, 37);
INSERT INTO public.proc_map (id, asset_group, part_id, subpart_id, step_id) VALUES (9218, 7, 8, null, 38);
INSERT INTO public.proc_map (id, asset_group, part_id, subpart_id, step_id) VALUES (9219, 7, 8, null, 39);
INSERT INTO public.proc_map (id, asset_group, part_id, subpart_id, step_id) VALUES (9220, 7, 8, null, 40);
INSERT INTO public.proc_map (id, asset_group, part_id, subpart_id, step_id) VALUES (9221, 7, 9, null, 41);
INSERT INTO public.proc_map (id, asset_group, part_id, subpart_id, step_id) VALUES (9222, 7, 9, null, 42);
INSERT INTO public.proc_map (id, asset_group, part_id, subpart_id, step_id) VALUES (9223, 7, 9, null, 43);
INSERT INTO public.proc_map (id, asset_group, part_id, subpart_id, step_id) VALUES (9224, 7, 9, null, 44);
INSERT INTO public.proc_map (id, asset_group, part_id, subpart_id, step_id) VALUES (9225, 7, 9, null, 45);
INSERT INTO public.proc_map (id, asset_group, part_id, subpart_id, step_id) VALUES (9226, 8, 1, null, 1);
INSERT INTO public.proc_map (id, asset_group, part_id, subpart_id, step_id) VALUES (9227, 8, 1, null, 2);
INSERT INTO public.proc_map (id, asset_group, part_id, subpart_id, step_id) VALUES (9228, 8, 1, null, 3);
INSERT INTO public.proc_map (id, asset_group, part_id, subpart_id, step_id) VALUES (9229, 8, 1, null, 4);
INSERT INTO public.proc_map (id, asset_group, part_id, subpart_id, step_id) VALUES (9230, 8, 1, null, 5);
INSERT INTO public.proc_map (id, asset_group, part_id, subpart_id, step_id) VALUES (9231, 8, 2, null, 6);
INSERT INTO public.proc_map (id, asset_group, part_id, subpart_id, step_id) VALUES (9232, 8, 2, null, 7);
INSERT INTO public.proc_map (id, asset_group, part_id, subpart_id, step_id) VALUES (9233, 8, 2, null, 8);
INSERT INTO public.proc_map (id, asset_group, part_id, subpart_id, step_id) VALUES (9234, 8, 2, null, 9);
INSERT INTO public.proc_map (id, asset_group, part_id, subpart_id, step_id) VALUES (9235, 8, 2, null, 10);
INSERT INTO public.proc_map (id, asset_group, part_id, subpart_id, step_id) VALUES (9236, 8, 3, null, 11);
INSERT INTO public.proc_map (id, asset_group, part_id, subpart_id, step_id) VALUES (9237, 8, 3, null, 12);
INSERT INTO public.proc_map (id, asset_group, part_id, subpart_id, step_id) VALUES (9238, 8, 3, null, 13);
INSERT INTO public.proc_map (id, asset_group, part_id, subpart_id, step_id) VALUES (9239, 8, 3, null, 14);
INSERT INTO public.proc_map (id, asset_group, part_id, subpart_id, step_id) VALUES (9240, 8, 3, null, 15);
INSERT INTO public.proc_map (id, asset_group, part_id, subpart_id, step_id) VALUES (9241, 8, 4, null, 16);
INSERT INTO public.proc_map (id, asset_group, part_id, subpart_id, step_id) VALUES (9242, 8, 4, null, 17);
INSERT INTO public.proc_map (id, asset_group, part_id, subpart_id, step_id) VALUES (9243, 8, 4, null, 18);
INSERT INTO public.proc_map (id, asset_group, part_id, subpart_id, step_id) VALUES (9244, 8, 4, null, 19);
INSERT INTO public.proc_map (id, asset_group, part_id, subpart_id, step_id) VALUES (9245, 8, 4, null, 20);
INSERT INTO public.proc_map (id, asset_group, part_id, subpart_id, step_id) VALUES (9246, 8, 5, null, 21);
INSERT INTO public.proc_map (id, asset_group, part_id, subpart_id, step_id) VALUES (9247, 8, 5, null, 22);
INSERT INTO public.proc_map (id, asset_group, part_id, subpart_id, step_id) VALUES (9248, 8, 5, null, 23);
INSERT INTO public.proc_map (id, asset_group, part_id, subpart_id, step_id) VALUES (9249, 8, 5, null, 24);
INSERT INTO public.proc_map (id, asset_group, part_id, subpart_id, step_id) VALUES (9250, 8, 5, null, 25);
INSERT INTO public.proc_map (id, asset_group, part_id, subpart_id, step_id) VALUES (9251, 8, 6, null, 26);
INSERT INTO public.proc_map (id, asset_group, part_id, subpart_id, step_id) VALUES (9252, 8, 6, null, 27);
INSERT INTO public.proc_map (id, asset_group, part_id, subpart_id, step_id) VALUES (9253, 8, 6, null, 28);
INSERT INTO public.proc_map (id, asset_group, part_id, subpart_id, step_id) VALUES (9254, 8, 6, null, 29);
INSERT INTO public.proc_map (id, asset_group, part_id, subpart_id, step_id) VALUES (9255, 8, 6, null, 30);
INSERT INTO public.proc_map (id, asset_group, part_id, subpart_id, step_id) VALUES (9256, 8, 7, null, 31);
INSERT INTO public.proc_map (id, asset_group, part_id, subpart_id, step_id) VALUES (9257, 8, 7, null, 32);
INSERT INTO public.proc_map (id, asset_group, part_id, subpart_id, step_id) VALUES (9258, 8, 7, null, 33);
INSERT INTO public.proc_map (id, asset_group, part_id, subpart_id, step_id) VALUES (9259, 8, 7, null, 34);
INSERT INTO public.proc_map (id, asset_group, part_id, subpart_id, step_id) VALUES (9260, 8, 7, null, 35);
INSERT INTO public.proc_map (id, asset_group, part_id, subpart_id, step_id) VALUES (9261, 8, 8, null, 36);
INSERT INTO public.proc_map (id, asset_group, part_id, subpart_id, step_id) VALUES (9262, 8, 8, null, 37);
INSERT INTO public.proc_map (id, asset_group, part_id, subpart_id, step_id) VALUES (9263, 8, 8, null, 38);
INSERT INTO public.proc_map (id, asset_group, part_id, subpart_id, step_id) VALUES (9264, 8, 8, null, 39);
INSERT INTO public.proc_map (id, asset_group, part_id, subpart_id, step_id) VALUES (9265, 8, 8, null, 40);
INSERT INTO public.proc_map (id, asset_group, part_id, subpart_id, step_id) VALUES (9266, 8, 9, null, 41);
INSERT INTO public.proc_map (id, asset_group, part_id, subpart_id, step_id) VALUES (9267, 8, 9, null, 42);
INSERT INTO public.proc_map (id, asset_group, part_id, subpart_id, step_id) VALUES (9268, 8, 9, null, 43);
INSERT INTO public.proc_map (id, asset_group, part_id, subpart_id, step_id) VALUES (9269, 8, 9, null, 44);
INSERT INTO public.proc_map (id, asset_group, part_id, subpart_id, step_id) VALUES (9270, 8, 9, null, 45);
INSERT INTO public.proc_map (id, asset_group, part_id, subpart_id, step_id) VALUES (9271, 9, 1, null, 1);
INSERT INTO public.proc_map (id, asset_group, part_id, subpart_id, step_id) VALUES (9272, 9, 1, null, 2);
INSERT INTO public.proc_map (id, asset_group, part_id, subpart_id, step_id) VALUES (9273, 9, 1, null, 3);
INSERT INTO public.proc_map (id, asset_group, part_id, subpart_id, step_id) VALUES (9274, 9, 1, null, 4);
INSERT INTO public.proc_map (id, asset_group, part_id, subpart_id, step_id) VALUES (9275, 9, 1, null, 5);
INSERT INTO public.proc_map (id, asset_group, part_id, subpart_id, step_id) VALUES (9276, 9, 2, null, 6);
INSERT INTO public.proc_map (id, asset_group, part_id, subpart_id, step_id) VALUES (9277, 9, 2, null, 7);
INSERT INTO public.proc_map (id, asset_group, part_id, subpart_id, step_id) VALUES (9278, 9, 2, null, 8);
INSERT INTO public.proc_map (id, asset_group, part_id, subpart_id, step_id) VALUES (9279, 9, 2, null, 9);
INSERT INTO public.proc_map (id, asset_group, part_id, subpart_id, step_id) VALUES (9280, 9, 2, null, 10);
INSERT INTO public.proc_map (id, asset_group, part_id, subpart_id, step_id) VALUES (9281, 9, 3, null, 11);
INSERT INTO public.proc_map (id, asset_group, part_id, subpart_id, step_id) VALUES (9282, 9, 3, null, 12);
INSERT INTO public.proc_map (id, asset_group, part_id, subpart_id, step_id) VALUES (9283, 9, 3, null, 13);
INSERT INTO public.proc_map (id, asset_group, part_id, subpart_id, step_id) VALUES (9284, 9, 3, null, 14);
INSERT INTO public.proc_map (id, asset_group, part_id, subpart_id, step_id) VALUES (9285, 9, 3, null, 15);
INSERT INTO public.proc_map (id, asset_group, part_id, subpart_id, step_id) VALUES (9286, 9, 4, null, 16);
INSERT INTO public.proc_map (id, asset_group, part_id, subpart_id, step_id) VALUES (9287, 9, 4, null, 17);
INSERT INTO public.proc_map (id, asset_group, part_id, subpart_id, step_id) VALUES (9288, 9, 4, null, 18);
INSERT INTO public.proc_map (id, asset_group, part_id, subpart_id, step_id) VALUES (9289, 9, 4, null, 19);
INSERT INTO public.proc_map (id, asset_group, part_id, subpart_id, step_id) VALUES (9290, 9, 4, null, 20);
INSERT INTO public.proc_map (id, asset_group, part_id, subpart_id, step_id) VALUES (9291, 9, 5, null, 21);
INSERT INTO public.proc_map (id, asset_group, part_id, subpart_id, step_id) VALUES (9292, 9, 5, null, 22);
INSERT INTO public.proc_map (id, asset_group, part_id, subpart_id, step_id) VALUES (9293, 9, 5, null, 23);
INSERT INTO public.proc_map (id, asset_group, part_id, subpart_id, step_id) VALUES (9294, 9, 5, null, 24);
INSERT INTO public.proc_map (id, asset_group, part_id, subpart_id, step_id) VALUES (9295, 9, 5, null, 25);
INSERT INTO public.proc_map (id, asset_group, part_id, subpart_id, step_id) VALUES (9296, 9, 6, null, 26);
INSERT INTO public.proc_map (id, asset_group, part_id, subpart_id, step_id) VALUES (9297, 9, 6, null, 27);
INSERT INTO public.proc_map (id, asset_group, part_id, subpart_id, step_id) VALUES (9298, 9, 6, null, 28);
INSERT INTO public.proc_map (id, asset_group, part_id, subpart_id, step_id) VALUES (9299, 9, 6, null, 29);
INSERT INTO public.proc_map (id, asset_group, part_id, subpart_id, step_id) VALUES (9300, 9, 6, null, 30);
INSERT INTO public.proc_map (id, asset_group, part_id, subpart_id, step_id) VALUES (9301, 9, 7, null, 31);
INSERT INTO public.proc_map (id, asset_group, part_id, subpart_id, step_id) VALUES (9302, 9, 7, null, 32);
INSERT INTO public.proc_map (id, asset_group, part_id, subpart_id, step_id) VALUES (9303, 9, 7, null, 33);
INSERT INTO public.proc_map (id, asset_group, part_id, subpart_id, step_id) VALUES (9304, 9, 7, null, 34);
INSERT INTO public.proc_map (id, asset_group, part_id, subpart_id, step_id) VALUES (9305, 9, 7, null, 35);
INSERT INTO public.proc_map (id, asset_group, part_id, subpart_id, step_id) VALUES (9306, 9, 8, null, 36);
INSERT INTO public.proc_map (id, asset_group, part_id, subpart_id, step_id) VALUES (9307, 9, 8, null, 37);
INSERT INTO public.proc_map (id, asset_group, part_id, subpart_id, step_id) VALUES (9308, 9, 8, null, 38);
INSERT INTO public.proc_map (id, asset_group, part_id, subpart_id, step_id) VALUES (9309, 9, 8, null, 39);
INSERT INTO public.proc_map (id, asset_group, part_id, subpart_id, step_id) VALUES (9310, 9, 8, null, 40);
INSERT INTO public.proc_map (id, asset_group, part_id, subpart_id, step_id) VALUES (9311, 9, 9, null, 41);
INSERT INTO public.proc_map (id, asset_group, part_id, subpart_id, step_id) VALUES (9312, 9, 9, null, 42);
INSERT INTO public.proc_map (id, asset_group, part_id, subpart_id, step_id) VALUES (9313, 9, 9, null, 43);
INSERT INTO public.proc_map (id, asset_group, part_id, subpart_id, step_id) VALUES (9314, 9, 9, null, 44);
INSERT INTO public.proc_map (id, asset_group, part_id, subpart_id, step_id) VALUES (9315, 9, 9, null, 45);
INSERT INTO public.proc_map (id, asset_group, part_id, subpart_id, step_id) VALUES (9316, 10, 1, null, 1);
INSERT INTO public.proc_map (id, asset_group, part_id, subpart_id, step_id) VALUES (9317, 10, 1, null, 2);
INSERT INTO public.proc_map (id, asset_group, part_id, subpart_id, step_id) VALUES (9318, 10, 1, null, 3);
INSERT INTO public.proc_map (id, asset_group, part_id, subpart_id, step_id) VALUES (9319, 10, 1, null, 4);
INSERT INTO public.proc_map (id, asset_group, part_id, subpart_id, step_id) VALUES (9320, 10, 1, null, 5);
INSERT INTO public.proc_map (id, asset_group, part_id, subpart_id, step_id) VALUES (9321, 10, 2, null, 6);
INSERT INTO public.proc_map (id, asset_group, part_id, subpart_id, step_id) VALUES (9322, 10, 2, null, 7);
INSERT INTO public.proc_map (id, asset_group, part_id, subpart_id, step_id) VALUES (9323, 10, 2, null, 8);
INSERT INTO public.proc_map (id, asset_group, part_id, subpart_id, step_id) VALUES (9324, 10, 2, null, 9);
INSERT INTO public.proc_map (id, asset_group, part_id, subpart_id, step_id) VALUES (9325, 10, 2, null, 10);
INSERT INTO public.proc_map (id, asset_group, part_id, subpart_id, step_id) VALUES (9326, 10, 3, null, 11);
INSERT INTO public.proc_map (id, asset_group, part_id, subpart_id, step_id) VALUES (9327, 10, 3, null, 12);
INSERT INTO public.proc_map (id, asset_group, part_id, subpart_id, step_id) VALUES (9328, 10, 3, null, 13);
INSERT INTO public.proc_map (id, asset_group, part_id, subpart_id, step_id) VALUES (9329, 10, 3, null, 14);
INSERT INTO public.proc_map (id, asset_group, part_id, subpart_id, step_id) VALUES (9330, 10, 3, null, 15);
INSERT INTO public.proc_map (id, asset_group, part_id, subpart_id, step_id) VALUES (9331, 10, 4, null, 16);
INSERT INTO public.proc_map (id, asset_group, part_id, subpart_id, step_id) VALUES (9332, 10, 4, null, 17);
INSERT INTO public.proc_map (id, asset_group, part_id, subpart_id, step_id) VALUES (9333, 10, 4, null, 18);
INSERT INTO public.proc_map (id, asset_group, part_id, subpart_id, step_id) VALUES (9334, 10, 4, null, 19);
INSERT INTO public.proc_map (id, asset_group, part_id, subpart_id, step_id) VALUES (9335, 10, 4, null, 20);
INSERT INTO public.proc_map (id, asset_group, part_id, subpart_id, step_id) VALUES (9336, 10, 5, null, 21);
INSERT INTO public.proc_map (id, asset_group, part_id, subpart_id, step_id) VALUES (9337, 10, 5, null, 22);
INSERT INTO public.proc_map (id, asset_group, part_id, subpart_id, step_id) VALUES (9338, 10, 5, null, 23);
INSERT INTO public.proc_map (id, asset_group, part_id, subpart_id, step_id) VALUES (9339, 10, 5, null, 24);
INSERT INTO public.proc_map (id, asset_group, part_id, subpart_id, step_id) VALUES (9340, 10, 5, null, 25);
INSERT INTO public.proc_map (id, asset_group, part_id, subpart_id, step_id) VALUES (9341, 10, 6, null, 26);
INSERT INTO public.proc_map (id, asset_group, part_id, subpart_id, step_id) VALUES (9342, 10, 6, null, 27);
INSERT INTO public.proc_map (id, asset_group, part_id, subpart_id, step_id) VALUES (9343, 10, 6, null, 28);
INSERT INTO public.proc_map (id, asset_group, part_id, subpart_id, step_id) VALUES (9344, 10, 6, null, 29);
INSERT INTO public.proc_map (id, asset_group, part_id, subpart_id, step_id) VALUES (9345, 10, 6, null, 30);
INSERT INTO public.proc_map (id, asset_group, part_id, subpart_id, step_id) VALUES (9346, 10, 7, null, 31);
INSERT INTO public.proc_map (id, asset_group, part_id, subpart_id, step_id) VALUES (9347, 10, 7, null, 32);
INSERT INTO public.proc_map (id, asset_group, part_id, subpart_id, step_id) VALUES (9348, 10, 7, null, 33);
INSERT INTO public.proc_map (id, asset_group, part_id, subpart_id, step_id) VALUES (9349, 10, 7, null, 34);
INSERT INTO public.proc_map (id, asset_group, part_id, subpart_id, step_id) VALUES (9350, 10, 7, null, 35);
INSERT INTO public.proc_map (id, asset_group, part_id, subpart_id, step_id) VALUES (9351, 10, 8, null, 36);
INSERT INTO public.proc_map (id, asset_group, part_id, subpart_id, step_id) VALUES (9352, 10, 8, null, 37);
INSERT INTO public.proc_map (id, asset_group, part_id, subpart_id, step_id) VALUES (9353, 10, 8, null, 38);
INSERT INTO public.proc_map (id, asset_group, part_id, subpart_id, step_id) VALUES (9354, 10, 8, null, 39);
INSERT INTO public.proc_map (id, asset_group, part_id, subpart_id, step_id) VALUES (9355, 10, 8, null, 40);
INSERT INTO public.proc_map (id, asset_group, part_id, subpart_id, step_id) VALUES (9356, 10, 9, null, 41);
INSERT INTO public.proc_map (id, asset_group, part_id, subpart_id, step_id) VALUES (9357, 10, 9, null, 42);
INSERT INTO public.proc_map (id, asset_group, part_id, subpart_id, step_id) VALUES (9358, 10, 9, null, 43);
INSERT INTO public.proc_map (id, asset_group, part_id, subpart_id, step_id) VALUES (9359, 10, 9, null, 44);
INSERT INTO public.proc_map (id, asset_group, part_id, subpart_id, step_id) VALUES (9360, 10, 9, null, 45);
INSERT INTO public.proc_map (id, asset_group, part_id, subpart_id, step_id) VALUES (9361, 11, 1, null, 1);
INSERT INTO public.proc_map (id, asset_group, part_id, subpart_id, step_id) VALUES (9362, 11, 1, null, 2);
INSERT INTO public.proc_map (id, asset_group, part_id, subpart_id, step_id) VALUES (9363, 11, 1, null, 3);
INSERT INTO public.proc_map (id, asset_group, part_id, subpart_id, step_id) VALUES (9364, 11, 1, null, 4);
INSERT INTO public.proc_map (id, asset_group, part_id, subpart_id, step_id) VALUES (9365, 11, 1, null, 5);
INSERT INTO public.proc_map (id, asset_group, part_id, subpart_id, step_id) VALUES (9366, 11, 2, null, 6);
INSERT INTO public.proc_map (id, asset_group, part_id, subpart_id, step_id) VALUES (9367, 11, 2, null, 7);
INSERT INTO public.proc_map (id, asset_group, part_id, subpart_id, step_id) VALUES (9368, 11, 2, null, 8);
INSERT INTO public.proc_map (id, asset_group, part_id, subpart_id, step_id) VALUES (9369, 11, 2, null, 9);
INSERT INTO public.proc_map (id, asset_group, part_id, subpart_id, step_id) VALUES (9370, 11, 2, null, 10);
INSERT INTO public.proc_map (id, asset_group, part_id, subpart_id, step_id) VALUES (9371, 11, 3, null, 11);
INSERT INTO public.proc_map (id, asset_group, part_id, subpart_id, step_id) VALUES (9372, 11, 3, null, 12);
INSERT INTO public.proc_map (id, asset_group, part_id, subpart_id, step_id) VALUES (9373, 11, 3, null, 13);
INSERT INTO public.proc_map (id, asset_group, part_id, subpart_id, step_id) VALUES (9374, 11, 3, null, 14);
INSERT INTO public.proc_map (id, asset_group, part_id, subpart_id, step_id) VALUES (9375, 11, 3, null, 15);
INSERT INTO public.proc_map (id, asset_group, part_id, subpart_id, step_id) VALUES (9376, 11, 4, null, 16);
INSERT INTO public.proc_map (id, asset_group, part_id, subpart_id, step_id) VALUES (9377, 11, 4, null, 17);
INSERT INTO public.proc_map (id, asset_group, part_id, subpart_id, step_id) VALUES (9378, 11, 4, null, 18);
INSERT INTO public.proc_map (id, asset_group, part_id, subpart_id, step_id) VALUES (9379, 11, 4, null, 19);
INSERT INTO public.proc_map (id, asset_group, part_id, subpart_id, step_id) VALUES (9380, 11, 4, null, 20);
INSERT INTO public.proc_map (id, asset_group, part_id, subpart_id, step_id) VALUES (9381, 11, 5, null, 21);
INSERT INTO public.proc_map (id, asset_group, part_id, subpart_id, step_id) VALUES (9382, 11, 5, null, 22);
INSERT INTO public.proc_map (id, asset_group, part_id, subpart_id, step_id) VALUES (9383, 11, 5, null, 23);
INSERT INTO public.proc_map (id, asset_group, part_id, subpart_id, step_id) VALUES (9384, 11, 5, null, 24);
INSERT INTO public.proc_map (id, asset_group, part_id, subpart_id, step_id) VALUES (9385, 11, 5, null, 25);
INSERT INTO public.proc_map (id, asset_group, part_id, subpart_id, step_id) VALUES (9386, 11, 6, null, 26);
INSERT INTO public.proc_map (id, asset_group, part_id, subpart_id, step_id) VALUES (9387, 11, 6, null, 27);
INSERT INTO public.proc_map (id, asset_group, part_id, subpart_id, step_id) VALUES (9388, 11, 6, null, 28);
INSERT INTO public.proc_map (id, asset_group, part_id, subpart_id, step_id) VALUES (9389, 11, 6, null, 29);
INSERT INTO public.proc_map (id, asset_group, part_id, subpart_id, step_id) VALUES (9390, 11, 6, null, 30);
INSERT INTO public.proc_map (id, asset_group, part_id, subpart_id, step_id) VALUES (9391, 11, 7, null, 31);
INSERT INTO public.proc_map (id, asset_group, part_id, subpart_id, step_id) VALUES (9392, 11, 7, null, 32);
INSERT INTO public.proc_map (id, asset_group, part_id, subpart_id, step_id) VALUES (9393, 11, 7, null, 33);
INSERT INTO public.proc_map (id, asset_group, part_id, subpart_id, step_id) VALUES (9394, 11, 7, null, 34);
INSERT INTO public.proc_map (id, asset_group, part_id, subpart_id, step_id) VALUES (9395, 11, 7, null, 35);
INSERT INTO public.proc_map (id, asset_group, part_id, subpart_id, step_id) VALUES (9396, 11, 8, null, 36);
INSERT INTO public.proc_map (id, asset_group, part_id, subpart_id, step_id) VALUES (9397, 11, 8, null, 37);
INSERT INTO public.proc_map (id, asset_group, part_id, subpart_id, step_id) VALUES (9398, 11, 8, null, 38);
INSERT INTO public.proc_map (id, asset_group, part_id, subpart_id, step_id) VALUES (9399, 11, 8, null, 39);
INSERT INTO public.proc_map (id, asset_group, part_id, subpart_id, step_id) VALUES (9400, 11, 8, null, 40);
INSERT INTO public.proc_map (id, asset_group, part_id, subpart_id, step_id) VALUES (9401, 11, 9, null, 41);
INSERT INTO public.proc_map (id, asset_group, part_id, subpart_id, step_id) VALUES (9402, 11, 9, null, 42);
INSERT INTO public.proc_map (id, asset_group, part_id, subpart_id, step_id) VALUES (9403, 11, 9, null, 43);
INSERT INTO public.proc_map (id, asset_group, part_id, subpart_id, step_id) VALUES (9404, 11, 9, null, 44);
INSERT INTO public.proc_map (id, asset_group, part_id, subpart_id, step_id) VALUES (9405, 11, 9, null, 45);
INSERT INTO public.proc_map (id, asset_group, part_id, subpart_id, step_id) VALUES (9406, 12, 1, null, 1);
INSERT INTO public.proc_map (id, asset_group, part_id, subpart_id, step_id) VALUES (9407, 12, 1, null, 2);
INSERT INTO public.proc_map (id, asset_group, part_id, subpart_id, step_id) VALUES (9408, 12, 1, null, 3);
INSERT INTO public.proc_map (id, asset_group, part_id, subpart_id, step_id) VALUES (9409, 12, 1, null, 4);
INSERT INTO public.proc_map (id, asset_group, part_id, subpart_id, step_id) VALUES (9410, 12, 1, null, 5);
INSERT INTO public.proc_map (id, asset_group, part_id, subpart_id, step_id) VALUES (9411, 12, 2, null, 6);
INSERT INTO public.proc_map (id, asset_group, part_id, subpart_id, step_id) VALUES (9412, 12, 2, null, 7);
INSERT INTO public.proc_map (id, asset_group, part_id, subpart_id, step_id) VALUES (9413, 12, 2, null, 8);
INSERT INTO public.proc_map (id, asset_group, part_id, subpart_id, step_id) VALUES (9414, 12, 2, null, 9);
INSERT INTO public.proc_map (id, asset_group, part_id, subpart_id, step_id) VALUES (9415, 12, 2, null, 10);
INSERT INTO public.proc_map (id, asset_group, part_id, subpart_id, step_id) VALUES (9416, 12, 3, null, 11);
INSERT INTO public.proc_map (id, asset_group, part_id, subpart_id, step_id) VALUES (9417, 12, 3, null, 12);
INSERT INTO public.proc_map (id, asset_group, part_id, subpart_id, step_id) VALUES (9418, 12, 3, null, 13);
INSERT INTO public.proc_map (id, asset_group, part_id, subpart_id, step_id) VALUES (9419, 12, 3, null, 14);
INSERT INTO public.proc_map (id, asset_group, part_id, subpart_id, step_id) VALUES (9420, 12, 3, null, 15);
INSERT INTO public.proc_map (id, asset_group, part_id, subpart_id, step_id) VALUES (9421, 12, 4, null, 16);
INSERT INTO public.proc_map (id, asset_group, part_id, subpart_id, step_id) VALUES (9422, 12, 4, null, 17);
INSERT INTO public.proc_map (id, asset_group, part_id, subpart_id, step_id) VALUES (9423, 12, 4, null, 18);
INSERT INTO public.proc_map (id, asset_group, part_id, subpart_id, step_id) VALUES (9424, 12, 4, null, 19);
INSERT INTO public.proc_map (id, asset_group, part_id, subpart_id, step_id) VALUES (9425, 12, 4, null, 20);
INSERT INTO public.proc_map (id, asset_group, part_id, subpart_id, step_id) VALUES (9426, 12, 5, null, 21);
INSERT INTO public.proc_map (id, asset_group, part_id, subpart_id, step_id) VALUES (9427, 12, 5, null, 22);
INSERT INTO public.proc_map (id, asset_group, part_id, subpart_id, step_id) VALUES (9428, 12, 5, null, 23);
INSERT INTO public.proc_map (id, asset_group, part_id, subpart_id, step_id) VALUES (9429, 12, 5, null, 24);
INSERT INTO public.proc_map (id, asset_group, part_id, subpart_id, step_id) VALUES (9430, 12, 5, null, 25);
INSERT INTO public.proc_map (id, asset_group, part_id, subpart_id, step_id) VALUES (9431, 12, 6, null, 26);
INSERT INTO public.proc_map (id, asset_group, part_id, subpart_id, step_id) VALUES (9432, 12, 6, null, 27);
INSERT INTO public.proc_map (id, asset_group, part_id, subpart_id, step_id) VALUES (9433, 12, 6, null, 28);
INSERT INTO public.proc_map (id, asset_group, part_id, subpart_id, step_id) VALUES (9434, 12, 6, null, 29);
INSERT INTO public.proc_map (id, asset_group, part_id, subpart_id, step_id) VALUES (9435, 12, 6, null, 30);
INSERT INTO public.proc_map (id, asset_group, part_id, subpart_id, step_id) VALUES (9436, 12, 7, null, 31);
INSERT INTO public.proc_map (id, asset_group, part_id, subpart_id, step_id) VALUES (9437, 12, 7, null, 32);
INSERT INTO public.proc_map (id, asset_group, part_id, subpart_id, step_id) VALUES (9438, 12, 7, null, 33);
INSERT INTO public.proc_map (id, asset_group, part_id, subpart_id, step_id) VALUES (9439, 12, 7, null, 34);
INSERT INTO public.proc_map (id, asset_group, part_id, subpart_id, step_id) VALUES (9440, 12, 7, null, 35);
INSERT INTO public.proc_map (id, asset_group, part_id, subpart_id, step_id) VALUES (9441, 12, 8, null, 36);
INSERT INTO public.proc_map (id, asset_group, part_id, subpart_id, step_id) VALUES (9442, 12, 8, null, 37);
INSERT INTO public.proc_map (id, asset_group, part_id, subpart_id, step_id) VALUES (9443, 12, 8, null, 38);
INSERT INTO public.proc_map (id, asset_group, part_id, subpart_id, step_id) VALUES (9444, 12, 8, null, 39);
INSERT INTO public.proc_map (id, asset_group, part_id, subpart_id, step_id) VALUES (9445, 12, 8, null, 40);
INSERT INTO public.proc_map (id, asset_group, part_id, subpart_id, step_id) VALUES (9446, 12, 9, null, 41);
INSERT INTO public.proc_map (id, asset_group, part_id, subpart_id, step_id) VALUES (9447, 12, 9, null, 42);
INSERT INTO public.proc_map (id, asset_group, part_id, subpart_id, step_id) VALUES (9448, 12, 9, null, 43);
INSERT INTO public.proc_map (id, asset_group, part_id, subpart_id, step_id) VALUES (9449, 12, 9, null, 44);
INSERT INTO public.proc_map (id, asset_group, part_id, subpart_id, step_id) VALUES (9450, 12, 9, null, 45);
INSERT INTO public.proc_map (id, asset_group, part_id, subpart_id, step_id) VALUES (9451, 13, 1, null, 1);
INSERT INTO public.proc_map (id, asset_group, part_id, subpart_id, step_id) VALUES (9452, 13, 1, null, 2);
INSERT INTO public.proc_map (id, asset_group, part_id, subpart_id, step_id) VALUES (9453, 13, 1, null, 3);
INSERT INTO public.proc_map (id, asset_group, part_id, subpart_id, step_id) VALUES (9454, 13, 1, null, 4);
INSERT INTO public.proc_map (id, asset_group, part_id, subpart_id, step_id) VALUES (9455, 13, 1, null, 5);
INSERT INTO public.proc_map (id, asset_group, part_id, subpart_id, step_id) VALUES (9456, 13, 2, null, 6);
INSERT INTO public.proc_map (id, asset_group, part_id, subpart_id, step_id) VALUES (9457, 13, 2, null, 7);
INSERT INTO public.proc_map (id, asset_group, part_id, subpart_id, step_id) VALUES (9458, 13, 2, null, 8);
INSERT INTO public.proc_map (id, asset_group, part_id, subpart_id, step_id) VALUES (9459, 13, 2, null, 9);
INSERT INTO public.proc_map (id, asset_group, part_id, subpart_id, step_id) VALUES (9460, 13, 2, null, 10);
INSERT INTO public.proc_map (id, asset_group, part_id, subpart_id, step_id) VALUES (9461, 13, 3, null, 11);
INSERT INTO public.proc_map (id, asset_group, part_id, subpart_id, step_id) VALUES (9462, 13, 3, null, 12);
INSERT INTO public.proc_map (id, asset_group, part_id, subpart_id, step_id) VALUES (9463, 13, 3, null, 13);
INSERT INTO public.proc_map (id, asset_group, part_id, subpart_id, step_id) VALUES (9464, 13, 3, null, 14);
INSERT INTO public.proc_map (id, asset_group, part_id, subpart_id, step_id) VALUES (9465, 13, 3, null, 15);
INSERT INTO public.proc_map (id, asset_group, part_id, subpart_id, step_id) VALUES (9466, 13, 4, null, 16);
INSERT INTO public.proc_map (id, asset_group, part_id, subpart_id, step_id) VALUES (9467, 13, 4, null, 17);
INSERT INTO public.proc_map (id, asset_group, part_id, subpart_id, step_id) VALUES (9468, 13, 4, null, 18);
INSERT INTO public.proc_map (id, asset_group, part_id, subpart_id, step_id) VALUES (9469, 13, 4, null, 19);
INSERT INTO public.proc_map (id, asset_group, part_id, subpart_id, step_id) VALUES (9470, 13, 4, null, 20);
INSERT INTO public.proc_map (id, asset_group, part_id, subpart_id, step_id) VALUES (9471, 13, 5, null, 21);
INSERT INTO public.proc_map (id, asset_group, part_id, subpart_id, step_id) VALUES (9472, 13, 5, null, 22);
INSERT INTO public.proc_map (id, asset_group, part_id, subpart_id, step_id) VALUES (9473, 13, 5, null, 23);
INSERT INTO public.proc_map (id, asset_group, part_id, subpart_id, step_id) VALUES (9474, 13, 5, null, 24);
INSERT INTO public.proc_map (id, asset_group, part_id, subpart_id, step_id) VALUES (9475, 13, 5, null, 25);
INSERT INTO public.proc_map (id, asset_group, part_id, subpart_id, step_id) VALUES (9476, 13, 6, null, 26);
INSERT INTO public.proc_map (id, asset_group, part_id, subpart_id, step_id) VALUES (9477, 13, 6, null, 27);
INSERT INTO public.proc_map (id, asset_group, part_id, subpart_id, step_id) VALUES (9478, 13, 6, null, 28);
INSERT INTO public.proc_map (id, asset_group, part_id, subpart_id, step_id) VALUES (9479, 13, 6, null, 29);
INSERT INTO public.proc_map (id, asset_group, part_id, subpart_id, step_id) VALUES (9480, 13, 6, null, 30);
INSERT INTO public.proc_map (id, asset_group, part_id, subpart_id, step_id) VALUES (9481, 13, 7, null, 31);
INSERT INTO public.proc_map (id, asset_group, part_id, subpart_id, step_id) VALUES (9482, 13, 7, null, 32);
INSERT INTO public.proc_map (id, asset_group, part_id, subpart_id, step_id) VALUES (9483, 13, 7, null, 33);
INSERT INTO public.proc_map (id, asset_group, part_id, subpart_id, step_id) VALUES (9484, 13, 7, null, 34);
INSERT INTO public.proc_map (id, asset_group, part_id, subpart_id, step_id) VALUES (9485, 13, 7, null, 35);
INSERT INTO public.proc_map (id, asset_group, part_id, subpart_id, step_id) VALUES (9486, 13, 8, null, 36);
INSERT INTO public.proc_map (id, asset_group, part_id, subpart_id, step_id) VALUES (9487, 13, 8, null, 37);
INSERT INTO public.proc_map (id, asset_group, part_id, subpart_id, step_id) VALUES (9488, 13, 8, null, 38);
INSERT INTO public.proc_map (id, asset_group, part_id, subpart_id, step_id) VALUES (9489, 13, 8, null, 39);
INSERT INTO public.proc_map (id, asset_group, part_id, subpart_id, step_id) VALUES (9490, 13, 8, null, 40);
INSERT INTO public.proc_map (id, asset_group, part_id, subpart_id, step_id) VALUES (9491, 13, 9, null, 41);
INSERT INTO public.proc_map (id, asset_group, part_id, subpart_id, step_id) VALUES (9492, 13, 9, null, 42);
INSERT INTO public.proc_map (id, asset_group, part_id, subpart_id, step_id) VALUES (9493, 13, 9, null, 43);
INSERT INTO public.proc_map (id, asset_group, part_id, subpart_id, step_id) VALUES (9494, 13, 9, null, 44);
INSERT INTO public.proc_map (id, asset_group, part_id, subpart_id, step_id) VALUES (9495, 13, 9, null, 45);
INSERT INTO public.proc_map (id, asset_group, part_id, subpart_id, step_id) VALUES (9496, 14, 1, null, 1);
INSERT INTO public.proc_map (id, asset_group, part_id, subpart_id, step_id) VALUES (9497, 14, 1, null, 2);
INSERT INTO public.proc_map (id, asset_group, part_id, subpart_id, step_id) VALUES (9498, 14, 1, null, 3);
INSERT INTO public.proc_map (id, asset_group, part_id, subpart_id, step_id) VALUES (9499, 14, 1, null, 4);
INSERT INTO public.proc_map (id, asset_group, part_id, subpart_id, step_id) VALUES (9500, 14, 1, null, 5);
INSERT INTO public.proc_map (id, asset_group, part_id, subpart_id, step_id) VALUES (9501, 14, 2, null, 6);
INSERT INTO public.proc_map (id, asset_group, part_id, subpart_id, step_id) VALUES (9502, 14, 2, null, 7);
INSERT INTO public.proc_map (id, asset_group, part_id, subpart_id, step_id) VALUES (9503, 14, 2, null, 8);
INSERT INTO public.proc_map (id, asset_group, part_id, subpart_id, step_id) VALUES (9504, 14, 2, null, 9);
INSERT INTO public.proc_map (id, asset_group, part_id, subpart_id, step_id) VALUES (9505, 14, 2, null, 10);
INSERT INTO public.proc_map (id, asset_group, part_id, subpart_id, step_id) VALUES (9506, 14, 3, null, 11);
INSERT INTO public.proc_map (id, asset_group, part_id, subpart_id, step_id) VALUES (9507, 14, 3, null, 12);
INSERT INTO public.proc_map (id, asset_group, part_id, subpart_id, step_id) VALUES (9508, 14, 3, null, 13);
INSERT INTO public.proc_map (id, asset_group, part_id, subpart_id, step_id) VALUES (9509, 14, 3, null, 14);
INSERT INTO public.proc_map (id, asset_group, part_id, subpart_id, step_id) VALUES (9510, 14, 3, null, 15);
INSERT INTO public.proc_map (id, asset_group, part_id, subpart_id, step_id) VALUES (9511, 14, 4, null, 16);
INSERT INTO public.proc_map (id, asset_group, part_id, subpart_id, step_id) VALUES (9512, 14, 4, null, 17);
INSERT INTO public.proc_map (id, asset_group, part_id, subpart_id, step_id) VALUES (9513, 14, 4, null, 18);
INSERT INTO public.proc_map (id, asset_group, part_id, subpart_id, step_id) VALUES (9514, 14, 4, null, 19);
INSERT INTO public.proc_map (id, asset_group, part_id, subpart_id, step_id) VALUES (9515, 14, 4, null, 20);
INSERT INTO public.proc_map (id, asset_group, part_id, subpart_id, step_id) VALUES (9516, 14, 5, null, 21);
INSERT INTO public.proc_map (id, asset_group, part_id, subpart_id, step_id) VALUES (9517, 14, 5, null, 22);
INSERT INTO public.proc_map (id, asset_group, part_id, subpart_id, step_id) VALUES (9518, 14, 5, null, 23);
INSERT INTO public.proc_map (id, asset_group, part_id, subpart_id, step_id) VALUES (9519, 14, 5, null, 24);
INSERT INTO public.proc_map (id, asset_group, part_id, subpart_id, step_id) VALUES (9520, 14, 5, null, 25);
INSERT INTO public.proc_map (id, asset_group, part_id, subpart_id, step_id) VALUES (9521, 14, 6, null, 26);
INSERT INTO public.proc_map (id, asset_group, part_id, subpart_id, step_id) VALUES (9522, 14, 6, null, 27);
INSERT INTO public.proc_map (id, asset_group, part_id, subpart_id, step_id) VALUES (9523, 14, 6, null, 28);
INSERT INTO public.proc_map (id, asset_group, part_id, subpart_id, step_id) VALUES (9524, 14, 6, null, 29);
INSERT INTO public.proc_map (id, asset_group, part_id, subpart_id, step_id) VALUES (9525, 14, 6, null, 30);
INSERT INTO public.proc_map (id, asset_group, part_id, subpart_id, step_id) VALUES (9526, 14, 7, null, 31);
INSERT INTO public.proc_map (id, asset_group, part_id, subpart_id, step_id) VALUES (9527, 14, 7, null, 32);
INSERT INTO public.proc_map (id, asset_group, part_id, subpart_id, step_id) VALUES (9528, 14, 7, null, 33);
INSERT INTO public.proc_map (id, asset_group, part_id, subpart_id, step_id) VALUES (9529, 14, 7, null, 34);
INSERT INTO public.proc_map (id, asset_group, part_id, subpart_id, step_id) VALUES (9530, 14, 7, null, 35);
INSERT INTO public.proc_map (id, asset_group, part_id, subpart_id, step_id) VALUES (9531, 14, 8, null, 36);
INSERT INTO public.proc_map (id, asset_group, part_id, subpart_id, step_id) VALUES (9532, 14, 8, null, 37);
INSERT INTO public.proc_map (id, asset_group, part_id, subpart_id, step_id) VALUES (9533, 14, 8, null, 38);
INSERT INTO public.proc_map (id, asset_group, part_id, subpart_id, step_id) VALUES (9534, 14, 8, null, 39);
INSERT INTO public.proc_map (id, asset_group, part_id, subpart_id, step_id) VALUES (9535, 14, 8, null, 40);
INSERT INTO public.proc_map (id, asset_group, part_id, subpart_id, step_id) VALUES (9536, 14, 9, null, 41);
INSERT INTO public.proc_map (id, asset_group, part_id, subpart_id, step_id) VALUES (9537, 14, 9, null, 42);
INSERT INTO public.proc_map (id, asset_group, part_id, subpart_id, step_id) VALUES (9538, 14, 9, null, 43);
INSERT INTO public.proc_map (id, asset_group, part_id, subpart_id, step_id) VALUES (9539, 14, 9, null, 44);
INSERT INTO public.proc_map (id, asset_group, part_id, subpart_id, step_id) VALUES (9540, 14, 9, null, 45);
INSERT INTO public.proc_map (id, asset_group, part_id, subpart_id, step_id) VALUES (9541, 15, 1, null, 1);
INSERT INTO public.proc_map (id, asset_group, part_id, subpart_id, step_id) VALUES (9542, 15, 1, null, 2);
INSERT INTO public.proc_map (id, asset_group, part_id, subpart_id, step_id) VALUES (9543, 15, 1, null, 3);
INSERT INTO public.proc_map (id, asset_group, part_id, subpart_id, step_id) VALUES (9544, 15, 1, null, 4);
INSERT INTO public.proc_map (id, asset_group, part_id, subpart_id, step_id) VALUES (9545, 15, 1, null, 5);
INSERT INTO public.proc_map (id, asset_group, part_id, subpart_id, step_id) VALUES (9546, 15, 2, null, 6);
INSERT INTO public.proc_map (id, asset_group, part_id, subpart_id, step_id) VALUES (9547, 15, 2, null, 7);
INSERT INTO public.proc_map (id, asset_group, part_id, subpart_id, step_id) VALUES (9548, 15, 2, null, 8);
INSERT INTO public.proc_map (id, asset_group, part_id, subpart_id, step_id) VALUES (9549, 15, 2, null, 9);
INSERT INTO public.proc_map (id, asset_group, part_id, subpart_id, step_id) VALUES (9550, 15, 2, null, 10);
INSERT INTO public.proc_map (id, asset_group, part_id, subpart_id, step_id) VALUES (9551, 15, 3, null, 11);
INSERT INTO public.proc_map (id, asset_group, part_id, subpart_id, step_id) VALUES (9552, 15, 3, null, 12);
INSERT INTO public.proc_map (id, asset_group, part_id, subpart_id, step_id) VALUES (9553, 15, 3, null, 13);
INSERT INTO public.proc_map (id, asset_group, part_id, subpart_id, step_id) VALUES (9554, 15, 3, null, 14);
INSERT INTO public.proc_map (id, asset_group, part_id, subpart_id, step_id) VALUES (9555, 15, 3, null, 15);
INSERT INTO public.proc_map (id, asset_group, part_id, subpart_id, step_id) VALUES (9556, 15, 4, null, 16);
INSERT INTO public.proc_map (id, asset_group, part_id, subpart_id, step_id) VALUES (9557, 15, 4, null, 17);
INSERT INTO public.proc_map (id, asset_group, part_id, subpart_id, step_id) VALUES (9558, 15, 4, null, 18);
INSERT INTO public.proc_map (id, asset_group, part_id, subpart_id, step_id) VALUES (9559, 15, 4, null, 19);
INSERT INTO public.proc_map (id, asset_group, part_id, subpart_id, step_id) VALUES (9560, 15, 4, null, 20);
INSERT INTO public.proc_map (id, asset_group, part_id, subpart_id, step_id) VALUES (9561, 15, 5, null, 21);
INSERT INTO public.proc_map (id, asset_group, part_id, subpart_id, step_id) VALUES (9562, 15, 5, null, 22);
INSERT INTO public.proc_map (id, asset_group, part_id, subpart_id, step_id) VALUES (9563, 15, 5, null, 23);
INSERT INTO public.proc_map (id, asset_group, part_id, subpart_id, step_id) VALUES (9564, 15, 5, null, 24);
INSERT INTO public.proc_map (id, asset_group, part_id, subpart_id, step_id) VALUES (9565, 15, 5, null, 25);
INSERT INTO public.proc_map (id, asset_group, part_id, subpart_id, step_id) VALUES (9566, 15, 6, null, 26);
INSERT INTO public.proc_map (id, asset_group, part_id, subpart_id, step_id) VALUES (9567, 15, 6, null, 27);
INSERT INTO public.proc_map (id, asset_group, part_id, subpart_id, step_id) VALUES (9568, 15, 6, null, 28);
INSERT INTO public.proc_map (id, asset_group, part_id, subpart_id, step_id) VALUES (9569, 15, 6, null, 29);
INSERT INTO public.proc_map (id, asset_group, part_id, subpart_id, step_id) VALUES (9570, 15, 6, null, 30);
INSERT INTO public.proc_map (id, asset_group, part_id, subpart_id, step_id) VALUES (9571, 15, 7, null, 31);
INSERT INTO public.proc_map (id, asset_group, part_id, subpart_id, step_id) VALUES (9572, 15, 7, null, 32);
INSERT INTO public.proc_map (id, asset_group, part_id, subpart_id, step_id) VALUES (9573, 15, 7, null, 33);
INSERT INTO public.proc_map (id, asset_group, part_id, subpart_id, step_id) VALUES (9574, 15, 7, null, 34);
INSERT INTO public.proc_map (id, asset_group, part_id, subpart_id, step_id) VALUES (9575, 15, 7, null, 35);
INSERT INTO public.proc_map (id, asset_group, part_id, subpart_id, step_id) VALUES (9576, 15, 8, null, 36);
INSERT INTO public.proc_map (id, asset_group, part_id, subpart_id, step_id) VALUES (9577, 15, 8, null, 37);
INSERT INTO public.proc_map (id, asset_group, part_id, subpart_id, step_id) VALUES (9578, 15, 8, null, 38);
INSERT INTO public.proc_map (id, asset_group, part_id, subpart_id, step_id) VALUES (9579, 15, 8, null, 39);
INSERT INTO public.proc_map (id, asset_group, part_id, subpart_id, step_id) VALUES (9580, 15, 8, null, 40);
INSERT INTO public.proc_map (id, asset_group, part_id, subpart_id, step_id) VALUES (9581, 15, 9, null, 41);
INSERT INTO public.proc_map (id, asset_group, part_id, subpart_id, step_id) VALUES (9582, 15, 9, null, 42);
INSERT INTO public.proc_map (id, asset_group, part_id, subpart_id, step_id) VALUES (9583, 15, 9, null, 43);
INSERT INTO public.proc_map (id, asset_group, part_id, subpart_id, step_id) VALUES (9584, 15, 9, null, 44);
INSERT INTO public.proc_map (id, asset_group, part_id, subpart_id, step_id) VALUES (9585, 15, 9, null, 45);
INSERT INTO public.proc_map (id, asset_group, part_id, subpart_id, step_id) VALUES (9586, 16, 1, null, 1);
INSERT INTO public.proc_map (id, asset_group, part_id, subpart_id, step_id) VALUES (9587, 16, 1, null, 2);
INSERT INTO public.proc_map (id, asset_group, part_id, subpart_id, step_id) VALUES (9588, 16, 1, null, 3);
INSERT INTO public.proc_map (id, asset_group, part_id, subpart_id, step_id) VALUES (9589, 16, 1, null, 4);
INSERT INTO public.proc_map (id, asset_group, part_id, subpart_id, step_id) VALUES (9590, 16, 1, null, 5);
INSERT INTO public.proc_map (id, asset_group, part_id, subpart_id, step_id) VALUES (9591, 16, 2, null, 6);
INSERT INTO public.proc_map (id, asset_group, part_id, subpart_id, step_id) VALUES (9592, 16, 2, null, 7);
INSERT INTO public.proc_map (id, asset_group, part_id, subpart_id, step_id) VALUES (9593, 16, 2, null, 8);
INSERT INTO public.proc_map (id, asset_group, part_id, subpart_id, step_id) VALUES (9594, 16, 2, null, 9);
INSERT INTO public.proc_map (id, asset_group, part_id, subpart_id, step_id) VALUES (9595, 16, 2, null, 10);
INSERT INTO public.proc_map (id, asset_group, part_id, subpart_id, step_id) VALUES (9596, 16, 3, null, 11);
INSERT INTO public.proc_map (id, asset_group, part_id, subpart_id, step_id) VALUES (9597, 16, 3, null, 12);
INSERT INTO public.proc_map (id, asset_group, part_id, subpart_id, step_id) VALUES (9598, 16, 3, null, 13);
INSERT INTO public.proc_map (id, asset_group, part_id, subpart_id, step_id) VALUES (9599, 16, 3, null, 14);
INSERT INTO public.proc_map (id, asset_group, part_id, subpart_id, step_id) VALUES (9600, 16, 3, null, 15);
INSERT INTO public.proc_map (id, asset_group, part_id, subpart_id, step_id) VALUES (9601, 16, 4, null, 16);
INSERT INTO public.proc_map (id, asset_group, part_id, subpart_id, step_id) VALUES (9602, 16, 4, null, 17);
INSERT INTO public.proc_map (id, asset_group, part_id, subpart_id, step_id) VALUES (9603, 16, 4, null, 18);
INSERT INTO public.proc_map (id, asset_group, part_id, subpart_id, step_id) VALUES (9604, 16, 4, null, 19);
INSERT INTO public.proc_map (id, asset_group, part_id, subpart_id, step_id) VALUES (9605, 16, 4, null, 20);
INSERT INTO public.proc_map (id, asset_group, part_id, subpart_id, step_id) VALUES (9606, 16, 5, null, 21);
INSERT INTO public.proc_map (id, asset_group, part_id, subpart_id, step_id) VALUES (9607, 16, 5, null, 22);
INSERT INTO public.proc_map (id, asset_group, part_id, subpart_id, step_id) VALUES (9608, 16, 5, null, 23);
INSERT INTO public.proc_map (id, asset_group, part_id, subpart_id, step_id) VALUES (9609, 16, 5, null, 24);
INSERT INTO public.proc_map (id, asset_group, part_id, subpart_id, step_id) VALUES (9610, 16, 5, null, 25);
INSERT INTO public.proc_map (id, asset_group, part_id, subpart_id, step_id) VALUES (9611, 16, 6, null, 26);
INSERT INTO public.proc_map (id, asset_group, part_id, subpart_id, step_id) VALUES (9612, 16, 6, null, 27);
INSERT INTO public.proc_map (id, asset_group, part_id, subpart_id, step_id) VALUES (9613, 16, 6, null, 28);
INSERT INTO public.proc_map (id, asset_group, part_id, subpart_id, step_id) VALUES (9614, 16, 6, null, 29);
INSERT INTO public.proc_map (id, asset_group, part_id, subpart_id, step_id) VALUES (9615, 16, 6, null, 30);
INSERT INTO public.proc_map (id, asset_group, part_id, subpart_id, step_id) VALUES (9616, 16, 7, null, 31);
INSERT INTO public.proc_map (id, asset_group, part_id, subpart_id, step_id) VALUES (9617, 16, 7, null, 32);
INSERT INTO public.proc_map (id, asset_group, part_id, subpart_id, step_id) VALUES (9618, 16, 7, null, 33);
INSERT INTO public.proc_map (id, asset_group, part_id, subpart_id, step_id) VALUES (9619, 16, 7, null, 34);
INSERT INTO public.proc_map (id, asset_group, part_id, subpart_id, step_id) VALUES (9620, 16, 7, null, 35);
INSERT INTO public.proc_map (id, asset_group, part_id, subpart_id, step_id) VALUES (9621, 16, 8, null, 36);
INSERT INTO public.proc_map (id, asset_group, part_id, subpart_id, step_id) VALUES (9622, 16, 8, null, 37);
INSERT INTO public.proc_map (id, asset_group, part_id, subpart_id, step_id) VALUES (9623, 16, 8, null, 38);
INSERT INTO public.proc_map (id, asset_group, part_id, subpart_id, step_id) VALUES (9624, 16, 8, null, 39);
INSERT INTO public.proc_map (id, asset_group, part_id, subpart_id, step_id) VALUES (9625, 16, 8, null, 40);
INSERT INTO public.proc_map (id, asset_group, part_id, subpart_id, step_id) VALUES (9626, 16, 9, null, 41);
INSERT INTO public.proc_map (id, asset_group, part_id, subpart_id, step_id) VALUES (9627, 16, 9, null, 42);
INSERT INTO public.proc_map (id, asset_group, part_id, subpart_id, step_id) VALUES (9628, 16, 9, null, 43);
INSERT INTO public.proc_map (id, asset_group, part_id, subpart_id, step_id) VALUES (9629, 16, 9, null, 44);
INSERT INTO public.proc_map (id, asset_group, part_id, subpart_id, step_id) VALUES (9630, 16, 9, null, 45);
INSERT INTO public.proc_map (id, asset_group, part_id, subpart_id, step_id) VALUES (9631, 17, 1, null, 1);
INSERT INTO public.proc_map (id, asset_group, part_id, subpart_id, step_id) VALUES (9632, 17, 1, null, 2);
INSERT INTO public.proc_map (id, asset_group, part_id, subpart_id, step_id) VALUES (9633, 17, 1, null, 3);
INSERT INTO public.proc_map (id, asset_group, part_id, subpart_id, step_id) VALUES (9634, 17, 1, null, 4);
INSERT INTO public.proc_map (id, asset_group, part_id, subpart_id, step_id) VALUES (9635, 17, 1, null, 5);
INSERT INTO public.proc_map (id, asset_group, part_id, subpart_id, step_id) VALUES (9636, 17, 2, null, 6);
INSERT INTO public.proc_map (id, asset_group, part_id, subpart_id, step_id) VALUES (9637, 17, 2, null, 7);
INSERT INTO public.proc_map (id, asset_group, part_id, subpart_id, step_id) VALUES (9638, 17, 2, null, 8);
INSERT INTO public.proc_map (id, asset_group, part_id, subpart_id, step_id) VALUES (9639, 17, 2, null, 9);
INSERT INTO public.proc_map (id, asset_group, part_id, subpart_id, step_id) VALUES (9640, 17, 2, null, 10);
INSERT INTO public.proc_map (id, asset_group, part_id, subpart_id, step_id) VALUES (9641, 17, 3, null, 11);
INSERT INTO public.proc_map (id, asset_group, part_id, subpart_id, step_id) VALUES (9642, 17, 3, null, 12);
INSERT INTO public.proc_map (id, asset_group, part_id, subpart_id, step_id) VALUES (9643, 17, 3, null, 13);
INSERT INTO public.proc_map (id, asset_group, part_id, subpart_id, step_id) VALUES (9644, 17, 3, null, 14);
INSERT INTO public.proc_map (id, asset_group, part_id, subpart_id, step_id) VALUES (9645, 17, 3, null, 15);
INSERT INTO public.proc_map (id, asset_group, part_id, subpart_id, step_id) VALUES (9646, 17, 4, null, 16);
INSERT INTO public.proc_map (id, asset_group, part_id, subpart_id, step_id) VALUES (9647, 17, 4, null, 17);
INSERT INTO public.proc_map (id, asset_group, part_id, subpart_id, step_id) VALUES (9648, 17, 4, null, 18);
INSERT INTO public.proc_map (id, asset_group, part_id, subpart_id, step_id) VALUES (9649, 17, 4, null, 19);
INSERT INTO public.proc_map (id, asset_group, part_id, subpart_id, step_id) VALUES (9650, 17, 4, null, 20);
INSERT INTO public.proc_map (id, asset_group, part_id, subpart_id, step_id) VALUES (9651, 17, 5, null, 21);
INSERT INTO public.proc_map (id, asset_group, part_id, subpart_id, step_id) VALUES (9652, 17, 5, null, 22);
INSERT INTO public.proc_map (id, asset_group, part_id, subpart_id, step_id) VALUES (9653, 17, 5, null, 23);
INSERT INTO public.proc_map (id, asset_group, part_id, subpart_id, step_id) VALUES (9654, 17, 5, null, 24);
INSERT INTO public.proc_map (id, asset_group, part_id, subpart_id, step_id) VALUES (9655, 17, 5, null, 25);
INSERT INTO public.proc_map (id, asset_group, part_id, subpart_id, step_id) VALUES (9656, 17, 6, null, 26);
INSERT INTO public.proc_map (id, asset_group, part_id, subpart_id, step_id) VALUES (9657, 17, 6, null, 27);
INSERT INTO public.proc_map (id, asset_group, part_id, subpart_id, step_id) VALUES (9658, 17, 6, null, 28);
INSERT INTO public.proc_map (id, asset_group, part_id, subpart_id, step_id) VALUES (9659, 17, 6, null, 29);
INSERT INTO public.proc_map (id, asset_group, part_id, subpart_id, step_id) VALUES (9660, 17, 6, null, 30);
INSERT INTO public.proc_map (id, asset_group, part_id, subpart_id, step_id) VALUES (9661, 17, 7, null, 31);
INSERT INTO public.proc_map (id, asset_group, part_id, subpart_id, step_id) VALUES (9662, 17, 7, null, 32);
INSERT INTO public.proc_map (id, asset_group, part_id, subpart_id, step_id) VALUES (9663, 17, 7, null, 33);
INSERT INTO public.proc_map (id, asset_group, part_id, subpart_id, step_id) VALUES (9664, 17, 7, null, 34);
INSERT INTO public.proc_map (id, asset_group, part_id, subpart_id, step_id) VALUES (9665, 17, 7, null, 35);
INSERT INTO public.proc_map (id, asset_group, part_id, subpart_id, step_id) VALUES (9666, 17, 8, null, 36);
INSERT INTO public.proc_map (id, asset_group, part_id, subpart_id, step_id) VALUES (9667, 17, 8, null, 37);
INSERT INTO public.proc_map (id, asset_group, part_id, subpart_id, step_id) VALUES (9668, 17, 8, null, 38);
INSERT INTO public.proc_map (id, asset_group, part_id, subpart_id, step_id) VALUES (9669, 17, 8, null, 39);
INSERT INTO public.proc_map (id, asset_group, part_id, subpart_id, step_id) VALUES (9670, 17, 8, null, 40);
INSERT INTO public.proc_map (id, asset_group, part_id, subpart_id, step_id) VALUES (9671, 17, 9, null, 41);
INSERT INTO public.proc_map (id, asset_group, part_id, subpart_id, step_id) VALUES (9672, 17, 9, null, 42);
INSERT INTO public.proc_map (id, asset_group, part_id, subpart_id, step_id) VALUES (9673, 17, 9, null, 43);
INSERT INTO public.proc_map (id, asset_group, part_id, subpart_id, step_id) VALUES (9674, 17, 9, null, 44);
INSERT INTO public.proc_map (id, asset_group, part_id, subpart_id, step_id) VALUES (9675, 17, 9, null, 45);
INSERT INTO public.proc_map (id, asset_group, part_id, subpart_id, step_id) VALUES (9676, 18, 1, null, 1);
INSERT INTO public.proc_map (id, asset_group, part_id, subpart_id, step_id) VALUES (9677, 18, 1, null, 2);
INSERT INTO public.proc_map (id, asset_group, part_id, subpart_id, step_id) VALUES (9678, 18, 1, null, 3);
INSERT INTO public.proc_map (id, asset_group, part_id, subpart_id, step_id) VALUES (9679, 18, 1, null, 4);
INSERT INTO public.proc_map (id, asset_group, part_id, subpart_id, step_id) VALUES (9680, 18, 1, null, 5);
INSERT INTO public.proc_map (id, asset_group, part_id, subpart_id, step_id) VALUES (9681, 18, 2, null, 6);
INSERT INTO public.proc_map (id, asset_group, part_id, subpart_id, step_id) VALUES (9682, 18, 2, null, 7);
INSERT INTO public.proc_map (id, asset_group, part_id, subpart_id, step_id) VALUES (9683, 18, 2, null, 8);
INSERT INTO public.proc_map (id, asset_group, part_id, subpart_id, step_id) VALUES (9684, 18, 2, null, 9);
INSERT INTO public.proc_map (id, asset_group, part_id, subpart_id, step_id) VALUES (9685, 18, 2, null, 10);
INSERT INTO public.proc_map (id, asset_group, part_id, subpart_id, step_id) VALUES (9686, 18, 3, null, 11);
INSERT INTO public.proc_map (id, asset_group, part_id, subpart_id, step_id) VALUES (9687, 18, 3, null, 12);
INSERT INTO public.proc_map (id, asset_group, part_id, subpart_id, step_id) VALUES (9688, 18, 3, null, 13);
INSERT INTO public.proc_map (id, asset_group, part_id, subpart_id, step_id) VALUES (9689, 18, 3, null, 14);
INSERT INTO public.proc_map (id, asset_group, part_id, subpart_id, step_id) VALUES (9690, 18, 3, null, 15);
INSERT INTO public.proc_map (id, asset_group, part_id, subpart_id, step_id) VALUES (9691, 18, 4, null, 16);
INSERT INTO public.proc_map (id, asset_group, part_id, subpart_id, step_id) VALUES (9692, 18, 4, null, 17);
INSERT INTO public.proc_map (id, asset_group, part_id, subpart_id, step_id) VALUES (9693, 18, 4, null, 18);
INSERT INTO public.proc_map (id, asset_group, part_id, subpart_id, step_id) VALUES (9694, 18, 4, null, 19);
INSERT INTO public.proc_map (id, asset_group, part_id, subpart_id, step_id) VALUES (9695, 18, 4, null, 20);
INSERT INTO public.proc_map (id, asset_group, part_id, subpart_id, step_id) VALUES (9696, 18, 5, null, 21);
INSERT INTO public.proc_map (id, asset_group, part_id, subpart_id, step_id) VALUES (9697, 18, 5, null, 22);
INSERT INTO public.proc_map (id, asset_group, part_id, subpart_id, step_id) VALUES (9698, 18, 5, null, 23);
INSERT INTO public.proc_map (id, asset_group, part_id, subpart_id, step_id) VALUES (9699, 18, 5, null, 24);
INSERT INTO public.proc_map (id, asset_group, part_id, subpart_id, step_id) VALUES (9700, 18, 5, null, 25);
INSERT INTO public.proc_map (id, asset_group, part_id, subpart_id, step_id) VALUES (9701, 18, 6, null, 26);
INSERT INTO public.proc_map (id, asset_group, part_id, subpart_id, step_id) VALUES (9702, 18, 6, null, 27);
INSERT INTO public.proc_map (id, asset_group, part_id, subpart_id, step_id) VALUES (9703, 18, 6, null, 28);
INSERT INTO public.proc_map (id, asset_group, part_id, subpart_id, step_id) VALUES (9704, 18, 6, null, 29);
INSERT INTO public.proc_map (id, asset_group, part_id, subpart_id, step_id) VALUES (9705, 18, 6, null, 30);
INSERT INTO public.proc_map (id, asset_group, part_id, subpart_id, step_id) VALUES (9706, 18, 7, null, 31);
INSERT INTO public.proc_map (id, asset_group, part_id, subpart_id, step_id) VALUES (9707, 18, 7, null, 32);
INSERT INTO public.proc_map (id, asset_group, part_id, subpart_id, step_id) VALUES (9708, 18, 7, null, 33);
INSERT INTO public.proc_map (id, asset_group, part_id, subpart_id, step_id) VALUES (9709, 18, 7, null, 34);
INSERT INTO public.proc_map (id, asset_group, part_id, subpart_id, step_id) VALUES (9710, 18, 7, null, 35);
INSERT INTO public.proc_map (id, asset_group, part_id, subpart_id, step_id) VALUES (9711, 18, 8, null, 36);
INSERT INTO public.proc_map (id, asset_group, part_id, subpart_id, step_id) VALUES (9712, 18, 8, null, 37);
INSERT INTO public.proc_map (id, asset_group, part_id, subpart_id, step_id) VALUES (9713, 18, 8, null, 38);
INSERT INTO public.proc_map (id, asset_group, part_id, subpart_id, step_id) VALUES (9714, 18, 8, null, 39);
INSERT INTO public.proc_map (id, asset_group, part_id, subpart_id, step_id) VALUES (9715, 18, 8, null, 40);
INSERT INTO public.proc_map (id, asset_group, part_id, subpart_id, step_id) VALUES (9716, 18, 9, null, 41);
INSERT INTO public.proc_map (id, asset_group, part_id, subpart_id, step_id) VALUES (9717, 18, 9, null, 42);
INSERT INTO public.proc_map (id, asset_group, part_id, subpart_id, step_id) VALUES (9718, 18, 9, null, 43);
INSERT INTO public.proc_map (id, asset_group, part_id, subpart_id, step_id) VALUES (9719, 18, 9, null, 44);
INSERT INTO public.proc_map (id, asset_group, part_id, subpart_id, step_id) VALUES (9720, 18, 9, null, 45);
INSERT INTO public.proc_map (id, asset_group, part_id, subpart_id, step_id) VALUES (9721, 19, 1, null, 1);
INSERT INTO public.proc_map (id, asset_group, part_id, subpart_id, step_id) VALUES (9722, 19, 1, null, 2);
INSERT INTO public.proc_map (id, asset_group, part_id, subpart_id, step_id) VALUES (9723, 19, 1, null, 3);
INSERT INTO public.proc_map (id, asset_group, part_id, subpart_id, step_id) VALUES (9724, 19, 1, null, 4);
INSERT INTO public.proc_map (id, asset_group, part_id, subpart_id, step_id) VALUES (9725, 19, 1, null, 5);
INSERT INTO public.proc_map (id, asset_group, part_id, subpart_id, step_id) VALUES (9726, 19, 2, null, 6);
INSERT INTO public.proc_map (id, asset_group, part_id, subpart_id, step_id) VALUES (9727, 19, 2, null, 7);
INSERT INTO public.proc_map (id, asset_group, part_id, subpart_id, step_id) VALUES (9728, 19, 2, null, 8);
INSERT INTO public.proc_map (id, asset_group, part_id, subpart_id, step_id) VALUES (9729, 19, 2, null, 9);
INSERT INTO public.proc_map (id, asset_group, part_id, subpart_id, step_id) VALUES (9730, 19, 2, null, 10);
INSERT INTO public.proc_map (id, asset_group, part_id, subpart_id, step_id) VALUES (9731, 19, 3, null, 11);
INSERT INTO public.proc_map (id, asset_group, part_id, subpart_id, step_id) VALUES (9732, 19, 3, null, 12);
INSERT INTO public.proc_map (id, asset_group, part_id, subpart_id, step_id) VALUES (9733, 19, 3, null, 13);
INSERT INTO public.proc_map (id, asset_group, part_id, subpart_id, step_id) VALUES (9734, 19, 3, null, 14);
INSERT INTO public.proc_map (id, asset_group, part_id, subpart_id, step_id) VALUES (9735, 19, 3, null, 15);
INSERT INTO public.proc_map (id, asset_group, part_id, subpart_id, step_id) VALUES (9736, 19, 4, null, 16);
INSERT INTO public.proc_map (id, asset_group, part_id, subpart_id, step_id) VALUES (9737, 19, 4, null, 17);
INSERT INTO public.proc_map (id, asset_group, part_id, subpart_id, step_id) VALUES (9738, 19, 4, null, 18);
INSERT INTO public.proc_map (id, asset_group, part_id, subpart_id, step_id) VALUES (9739, 19, 4, null, 19);
INSERT INTO public.proc_map (id, asset_group, part_id, subpart_id, step_id) VALUES (9740, 19, 4, null, 20);
INSERT INTO public.proc_map (id, asset_group, part_id, subpart_id, step_id) VALUES (9741, 19, 5, null, 21);
INSERT INTO public.proc_map (id, asset_group, part_id, subpart_id, step_id) VALUES (9742, 19, 5, null, 22);
INSERT INTO public.proc_map (id, asset_group, part_id, subpart_id, step_id) VALUES (9743, 19, 5, null, 23);
INSERT INTO public.proc_map (id, asset_group, part_id, subpart_id, step_id) VALUES (9744, 19, 5, null, 24);
INSERT INTO public.proc_map (id, asset_group, part_id, subpart_id, step_id) VALUES (9745, 19, 5, null, 25);
INSERT INTO public.proc_map (id, asset_group, part_id, subpart_id, step_id) VALUES (9746, 19, 6, null, 26);
INSERT INTO public.proc_map (id, asset_group, part_id, subpart_id, step_id) VALUES (9747, 19, 6, null, 27);
INSERT INTO public.proc_map (id, asset_group, part_id, subpart_id, step_id) VALUES (9748, 19, 6, null, 28);
INSERT INTO public.proc_map (id, asset_group, part_id, subpart_id, step_id) VALUES (9749, 19, 6, null, 29);
INSERT INTO public.proc_map (id, asset_group, part_id, subpart_id, step_id) VALUES (9750, 19, 6, null, 30);
INSERT INTO public.proc_map (id, asset_group, part_id, subpart_id, step_id) VALUES (9751, 19, 7, null, 31);
INSERT INTO public.proc_map (id, asset_group, part_id, subpart_id, step_id) VALUES (9752, 19, 7, null, 32);
INSERT INTO public.proc_map (id, asset_group, part_id, subpart_id, step_id) VALUES (9753, 19, 7, null, 33);
INSERT INTO public.proc_map (id, asset_group, part_id, subpart_id, step_id) VALUES (9754, 19, 7, null, 34);
INSERT INTO public.proc_map (id, asset_group, part_id, subpart_id, step_id) VALUES (9755, 19, 7, null, 35);
INSERT INTO public.proc_map (id, asset_group, part_id, subpart_id, step_id) VALUES (9756, 19, 8, null, 36);
INSERT INTO public.proc_map (id, asset_group, part_id, subpart_id, step_id) VALUES (9757, 19, 8, null, 37);
INSERT INTO public.proc_map (id, asset_group, part_id, subpart_id, step_id) VALUES (9758, 19, 8, null, 38);
INSERT INTO public.proc_map (id, asset_group, part_id, subpart_id, step_id) VALUES (9759, 19, 8, null, 39);
INSERT INTO public.proc_map (id, asset_group, part_id, subpart_id, step_id) VALUES (9760, 19, 8, null, 40);
INSERT INTO public.proc_map (id, asset_group, part_id, subpart_id, step_id) VALUES (9761, 19, 9, null, 41);
INSERT INTO public.proc_map (id, asset_group, part_id, subpart_id, step_id) VALUES (9762, 19, 9, null, 42);
INSERT INTO public.proc_map (id, asset_group, part_id, subpart_id, step_id) VALUES (9763, 19, 9, null, 43);
INSERT INTO public.proc_map (id, asset_group, part_id, subpart_id, step_id) VALUES (9764, 19, 9, null, 44);
INSERT INTO public.proc_map (id, asset_group, part_id, subpart_id, step_id) VALUES (9765, 19, 9, null, 45);
INSERT INTO public.proc_map (id, asset_group, part_id, subpart_id, step_id) VALUES (9766, 20, 1, null, 1);
INSERT INTO public.proc_map (id, asset_group, part_id, subpart_id, step_id) VALUES (9767, 20, 1, null, 2);
INSERT INTO public.proc_map (id, asset_group, part_id, subpart_id, step_id) VALUES (9768, 20, 1, null, 3);
INSERT INTO public.proc_map (id, asset_group, part_id, subpart_id, step_id) VALUES (9769, 20, 1, null, 4);
INSERT INTO public.proc_map (id, asset_group, part_id, subpart_id, step_id) VALUES (9770, 20, 1, null, 5);
INSERT INTO public.proc_map (id, asset_group, part_id, subpart_id, step_id) VALUES (9771, 20, 2, null, 6);
INSERT INTO public.proc_map (id, asset_group, part_id, subpart_id, step_id) VALUES (9772, 20, 2, null, 7);
INSERT INTO public.proc_map (id, asset_group, part_id, subpart_id, step_id) VALUES (9773, 20, 2, null, 8);
INSERT INTO public.proc_map (id, asset_group, part_id, subpart_id, step_id) VALUES (9774, 20, 2, null, 9);
INSERT INTO public.proc_map (id, asset_group, part_id, subpart_id, step_id) VALUES (9775, 20, 2, null, 10);
INSERT INTO public.proc_map (id, asset_group, part_id, subpart_id, step_id) VALUES (9776, 20, 3, null, 11);
INSERT INTO public.proc_map (id, asset_group, part_id, subpart_id, step_id) VALUES (9777, 20, 3, null, 12);
INSERT INTO public.proc_map (id, asset_group, part_id, subpart_id, step_id) VALUES (9778, 20, 3, null, 13);
INSERT INTO public.proc_map (id, asset_group, part_id, subpart_id, step_id) VALUES (9779, 20, 3, null, 14);
INSERT INTO public.proc_map (id, asset_group, part_id, subpart_id, step_id) VALUES (9780, 20, 3, null, 15);
INSERT INTO public.proc_map (id, asset_group, part_id, subpart_id, step_id) VALUES (9781, 20, 4, null, 16);
INSERT INTO public.proc_map (id, asset_group, part_id, subpart_id, step_id) VALUES (9782, 20, 4, null, 17);
INSERT INTO public.proc_map (id, asset_group, part_id, subpart_id, step_id) VALUES (9783, 20, 4, null, 18);
INSERT INTO public.proc_map (id, asset_group, part_id, subpart_id, step_id) VALUES (9784, 20, 4, null, 19);
INSERT INTO public.proc_map (id, asset_group, part_id, subpart_id, step_id) VALUES (9785, 20, 4, null, 20);
INSERT INTO public.proc_map (id, asset_group, part_id, subpart_id, step_id) VALUES (9786, 20, 5, null, 21);
INSERT INTO public.proc_map (id, asset_group, part_id, subpart_id, step_id) VALUES (9787, 20, 5, null, 22);
INSERT INTO public.proc_map (id, asset_group, part_id, subpart_id, step_id) VALUES (9788, 20, 5, null, 23);
INSERT INTO public.proc_map (id, asset_group, part_id, subpart_id, step_id) VALUES (9789, 20, 5, null, 24);
INSERT INTO public.proc_map (id, asset_group, part_id, subpart_id, step_id) VALUES (9790, 20, 5, null, 25);
INSERT INTO public.proc_map (id, asset_group, part_id, subpart_id, step_id) VALUES (9791, 20, 6, null, 26);
INSERT INTO public.proc_map (id, asset_group, part_id, subpart_id, step_id) VALUES (9792, 20, 6, null, 27);
INSERT INTO public.proc_map (id, asset_group, part_id, subpart_id, step_id) VALUES (9793, 20, 6, null, 28);
INSERT INTO public.proc_map (id, asset_group, part_id, subpart_id, step_id) VALUES (9794, 20, 6, null, 29);
INSERT INTO public.proc_map (id, asset_group, part_id, subpart_id, step_id) VALUES (9795, 20, 6, null, 30);
INSERT INTO public.proc_map (id, asset_group, part_id, subpart_id, step_id) VALUES (9796, 20, 7, null, 31);
INSERT INTO public.proc_map (id, asset_group, part_id, subpart_id, step_id) VALUES (9797, 20, 7, null, 32);
INSERT INTO public.proc_map (id, asset_group, part_id, subpart_id, step_id) VALUES (9798, 20, 7, null, 33);
INSERT INTO public.proc_map (id, asset_group, part_id, subpart_id, step_id) VALUES (9799, 20, 7, null, 34);
INSERT INTO public.proc_map (id, asset_group, part_id, subpart_id, step_id) VALUES (9800, 20, 7, null, 35);
INSERT INTO public.proc_map (id, asset_group, part_id, subpart_id, step_id) VALUES (9801, 20, 8, null, 36);
INSERT INTO public.proc_map (id, asset_group, part_id, subpart_id, step_id) VALUES (9802, 20, 8, null, 37);
INSERT INTO public.proc_map (id, asset_group, part_id, subpart_id, step_id) VALUES (9803, 20, 8, null, 38);
INSERT INTO public.proc_map (id, asset_group, part_id, subpart_id, step_id) VALUES (9804, 20, 8, null, 39);
INSERT INTO public.proc_map (id, asset_group, part_id, subpart_id, step_id) VALUES (9805, 20, 8, null, 40);
INSERT INTO public.proc_map (id, asset_group, part_id, subpart_id, step_id) VALUES (9806, 20, 9, null, 41);
INSERT INTO public.proc_map (id, asset_group, part_id, subpart_id, step_id) VALUES (9807, 20, 9, null, 42);
INSERT INTO public.proc_map (id, asset_group, part_id, subpart_id, step_id) VALUES (9808, 20, 9, null, 43);
INSERT INTO public.proc_map (id, asset_group, part_id, subpart_id, step_id) VALUES (9809, 20, 9, null, 44);
INSERT INTO public.proc_map (id, asset_group, part_id, subpart_id, step_id) VALUES (9810, 20, 9, null, 45);
INSERT INTO public.proc_map (id, asset_group, part_id, subpart_id, step_id) VALUES (9811, 21, 1, null, 1);
INSERT INTO public.proc_map (id, asset_group, part_id, subpart_id, step_id) VALUES (9812, 21, 1, null, 2);
INSERT INTO public.proc_map (id, asset_group, part_id, subpart_id, step_id) VALUES (9813, 21, 1, null, 3);
INSERT INTO public.proc_map (id, asset_group, part_id, subpart_id, step_id) VALUES (9814, 21, 1, null, 4);
INSERT INTO public.proc_map (id, asset_group, part_id, subpart_id, step_id) VALUES (9815, 21, 1, null, 5);
INSERT INTO public.proc_map (id, asset_group, part_id, subpart_id, step_id) VALUES (9816, 21, 2, null, 6);
INSERT INTO public.proc_map (id, asset_group, part_id, subpart_id, step_id) VALUES (9817, 21, 2, null, 7);
INSERT INTO public.proc_map (id, asset_group, part_id, subpart_id, step_id) VALUES (9818, 21, 2, null, 8);
INSERT INTO public.proc_map (id, asset_group, part_id, subpart_id, step_id) VALUES (9819, 21, 2, null, 9);
INSERT INTO public.proc_map (id, asset_group, part_id, subpart_id, step_id) VALUES (9820, 21, 2, null, 10);
INSERT INTO public.proc_map (id, asset_group, part_id, subpart_id, step_id) VALUES (9821, 21, 3, null, 11);
INSERT INTO public.proc_map (id, asset_group, part_id, subpart_id, step_id) VALUES (9822, 21, 3, null, 12);
INSERT INTO public.proc_map (id, asset_group, part_id, subpart_id, step_id) VALUES (9823, 21, 3, null, 13);
INSERT INTO public.proc_map (id, asset_group, part_id, subpart_id, step_id) VALUES (9824, 21, 3, null, 14);
INSERT INTO public.proc_map (id, asset_group, part_id, subpart_id, step_id) VALUES (9825, 21, 3, null, 15);
INSERT INTO public.proc_map (id, asset_group, part_id, subpart_id, step_id) VALUES (9826, 21, 4, null, 16);
INSERT INTO public.proc_map (id, asset_group, part_id, subpart_id, step_id) VALUES (9827, 21, 4, null, 17);
INSERT INTO public.proc_map (id, asset_group, part_id, subpart_id, step_id) VALUES (9828, 21, 4, null, 18);
INSERT INTO public.proc_map (id, asset_group, part_id, subpart_id, step_id) VALUES (9829, 21, 4, null, 19);
INSERT INTO public.proc_map (id, asset_group, part_id, subpart_id, step_id) VALUES (9830, 21, 4, null, 20);
INSERT INTO public.proc_map (id, asset_group, part_id, subpart_id, step_id) VALUES (9831, 21, 5, null, 21);
INSERT INTO public.proc_map (id, asset_group, part_id, subpart_id, step_id) VALUES (9832, 21, 5, null, 22);
INSERT INTO public.proc_map (id, asset_group, part_id, subpart_id, step_id) VALUES (9833, 21, 5, null, 23);
INSERT INTO public.proc_map (id, asset_group, part_id, subpart_id, step_id) VALUES (9834, 21, 5, null, 24);
INSERT INTO public.proc_map (id, asset_group, part_id, subpart_id, step_id) VALUES (9835, 21, 5, null, 25);
INSERT INTO public.proc_map (id, asset_group, part_id, subpart_id, step_id) VALUES (9836, 21, 6, null, 26);
INSERT INTO public.proc_map (id, asset_group, part_id, subpart_id, step_id) VALUES (9837, 21, 6, null, 27);
INSERT INTO public.proc_map (id, asset_group, part_id, subpart_id, step_id) VALUES (9838, 21, 6, null, 28);
INSERT INTO public.proc_map (id, asset_group, part_id, subpart_id, step_id) VALUES (9839, 21, 6, null, 29);
INSERT INTO public.proc_map (id, asset_group, part_id, subpart_id, step_id) VALUES (9840, 21, 6, null, 30);
INSERT INTO public.proc_map (id, asset_group, part_id, subpart_id, step_id) VALUES (9841, 21, 7, null, 31);
INSERT INTO public.proc_map (id, asset_group, part_id, subpart_id, step_id) VALUES (9842, 21, 7, null, 32);
INSERT INTO public.proc_map (id, asset_group, part_id, subpart_id, step_id) VALUES (9843, 21, 7, null, 33);
INSERT INTO public.proc_map (id, asset_group, part_id, subpart_id, step_id) VALUES (9844, 21, 7, null, 34);
INSERT INTO public.proc_map (id, asset_group, part_id, subpart_id, step_id) VALUES (9845, 21, 7, null, 35);
INSERT INTO public.proc_map (id, asset_group, part_id, subpart_id, step_id) VALUES (9846, 21, 8, null, 36);
INSERT INTO public.proc_map (id, asset_group, part_id, subpart_id, step_id) VALUES (9847, 21, 8, null, 37);
INSERT INTO public.proc_map (id, asset_group, part_id, subpart_id, step_id) VALUES (9848, 21, 8, null, 38);
INSERT INTO public.proc_map (id, asset_group, part_id, subpart_id, step_id) VALUES (9849, 21, 8, null, 39);
INSERT INTO public.proc_map (id, asset_group, part_id, subpart_id, step_id) VALUES (9850, 21, 8, null, 40);
INSERT INTO public.proc_map (id, asset_group, part_id, subpart_id, step_id) VALUES (9851, 21, 9, null, 41);
INSERT INTO public.proc_map (id, asset_group, part_id, subpart_id, step_id) VALUES (9852, 21, 9, null, 42);
INSERT INTO public.proc_map (id, asset_group, part_id, subpart_id, step_id) VALUES (9853, 21, 9, null, 43);
INSERT INTO public.proc_map (id, asset_group, part_id, subpart_id, step_id) VALUES (9854, 21, 9, null, 44);
INSERT INTO public.proc_map (id, asset_group, part_id, subpart_id, step_id) VALUES (9855, 21, 9, null, 45);
INSERT INTO public.proc_map (id, asset_group, part_id, subpart_id, step_id) VALUES (9856, 22, 1, null, 1);
INSERT INTO public.proc_map (id, asset_group, part_id, subpart_id, step_id) VALUES (9857, 22, 1, null, 2);
INSERT INTO public.proc_map (id, asset_group, part_id, subpart_id, step_id) VALUES (9858, 22, 1, null, 3);
INSERT INTO public.proc_map (id, asset_group, part_id, subpart_id, step_id) VALUES (9859, 22, 1, null, 4);
INSERT INTO public.proc_map (id, asset_group, part_id, subpart_id, step_id) VALUES (9860, 22, 1, null, 5);
INSERT INTO public.proc_map (id, asset_group, part_id, subpart_id, step_id) VALUES (9861, 22, 2, null, 6);
INSERT INTO public.proc_map (id, asset_group, part_id, subpart_id, step_id) VALUES (9862, 22, 2, null, 7);
INSERT INTO public.proc_map (id, asset_group, part_id, subpart_id, step_id) VALUES (9863, 22, 2, null, 8);
INSERT INTO public.proc_map (id, asset_group, part_id, subpart_id, step_id) VALUES (9864, 22, 2, null, 9);
INSERT INTO public.proc_map (id, asset_group, part_id, subpart_id, step_id) VALUES (9865, 22, 2, null, 10);
INSERT INTO public.proc_map (id, asset_group, part_id, subpart_id, step_id) VALUES (9866, 22, 3, null, 11);
INSERT INTO public.proc_map (id, asset_group, part_id, subpart_id, step_id) VALUES (9867, 22, 3, null, 12);
INSERT INTO public.proc_map (id, asset_group, part_id, subpart_id, step_id) VALUES (9868, 22, 3, null, 13);
INSERT INTO public.proc_map (id, asset_group, part_id, subpart_id, step_id) VALUES (9869, 22, 3, null, 14);
INSERT INTO public.proc_map (id, asset_group, part_id, subpart_id, step_id) VALUES (9870, 22, 3, null, 15);
INSERT INTO public.proc_map (id, asset_group, part_id, subpart_id, step_id) VALUES (9871, 22, 4, null, 16);
INSERT INTO public.proc_map (id, asset_group, part_id, subpart_id, step_id) VALUES (9872, 22, 4, null, 17);
INSERT INTO public.proc_map (id, asset_group, part_id, subpart_id, step_id) VALUES (9873, 22, 4, null, 18);
INSERT INTO public.proc_map (id, asset_group, part_id, subpart_id, step_id) VALUES (9874, 22, 4, null, 19);
INSERT INTO public.proc_map (id, asset_group, part_id, subpart_id, step_id) VALUES (9875, 22, 4, null, 20);
INSERT INTO public.proc_map (id, asset_group, part_id, subpart_id, step_id) VALUES (9876, 22, 5, null, 21);
INSERT INTO public.proc_map (id, asset_group, part_id, subpart_id, step_id) VALUES (9877, 22, 5, null, 22);
INSERT INTO public.proc_map (id, asset_group, part_id, subpart_id, step_id) VALUES (9878, 22, 5, null, 23);
INSERT INTO public.proc_map (id, asset_group, part_id, subpart_id, step_id) VALUES (9879, 22, 5, null, 24);
INSERT INTO public.proc_map (id, asset_group, part_id, subpart_id, step_id) VALUES (9880, 22, 5, null, 25);
INSERT INTO public.proc_map (id, asset_group, part_id, subpart_id, step_id) VALUES (9881, 22, 6, null, 26);
INSERT INTO public.proc_map (id, asset_group, part_id, subpart_id, step_id) VALUES (9882, 22, 6, null, 27);
INSERT INTO public.proc_map (id, asset_group, part_id, subpart_id, step_id) VALUES (9883, 22, 6, null, 28);
INSERT INTO public.proc_map (id, asset_group, part_id, subpart_id, step_id) VALUES (9884, 22, 6, null, 29);
INSERT INTO public.proc_map (id, asset_group, part_id, subpart_id, step_id) VALUES (9885, 22, 6, null, 30);
INSERT INTO public.proc_map (id, asset_group, part_id, subpart_id, step_id) VALUES (9886, 22, 7, null, 31);
INSERT INTO public.proc_map (id, asset_group, part_id, subpart_id, step_id) VALUES (9887, 22, 7, null, 32);
INSERT INTO public.proc_map (id, asset_group, part_id, subpart_id, step_id) VALUES (9888, 22, 7, null, 33);
INSERT INTO public.proc_map (id, asset_group, part_id, subpart_id, step_id) VALUES (9889, 22, 7, null, 34);
INSERT INTO public.proc_map (id, asset_group, part_id, subpart_id, step_id) VALUES (9890, 22, 7, null, 35);
INSERT INTO public.proc_map (id, asset_group, part_id, subpart_id, step_id) VALUES (9891, 22, 8, null, 36);
INSERT INTO public.proc_map (id, asset_group, part_id, subpart_id, step_id) VALUES (9892, 22, 8, null, 37);
INSERT INTO public.proc_map (id, asset_group, part_id, subpart_id, step_id) VALUES (9893, 22, 8, null, 38);
INSERT INTO public.proc_map (id, asset_group, part_id, subpart_id, step_id) VALUES (9894, 22, 8, null, 39);
INSERT INTO public.proc_map (id, asset_group, part_id, subpart_id, step_id) VALUES (9895, 22, 8, null, 40);
INSERT INTO public.proc_map (id, asset_group, part_id, subpart_id, step_id) VALUES (9896, 22, 9, null, 41);
INSERT INTO public.proc_map (id, asset_group, part_id, subpart_id, step_id) VALUES (9897, 22, 9, null, 42);
INSERT INTO public.proc_map (id, asset_group, part_id, subpart_id, step_id) VALUES (9898, 22, 9, null, 43);
INSERT INTO public.proc_map (id, asset_group, part_id, subpart_id, step_id) VALUES (9899, 22, 9, null, 44);
INSERT INTO public.proc_map (id, asset_group, part_id, subpart_id, step_id) VALUES (9900, 22, 9, null, 45);

/*insert into supplier(site_id,name) values (1, '通用电气');
insert into supplier(site_id,name) values (1, '西门子');
insert into supplier(site_id,name) values (1, '飞利浦');
insert into supplier(site_id,name) values (1, '霍尼韦尔');

insert into proc_part(name) values ('头部');
insert into proc_part(name) values ('颈部');
insert into proc_part(name) values ('胸部');
insert into proc_part(name) values ('腹部');
insert into proc_part(name) values ('盆部');
insert into proc_part(name) values ('脊柱');
insert into proc_part(name) values ('上肢');
insert into proc_part(name) values ('下肢');
insert into proc_part(name) values ('其它');

insert into proc_step(part_id, name) values (1,'head_step1');
insert into proc_step(part_id, name) values (1,'head_step2');
insert into proc_step(part_id, name) values (1,'head_step3');
insert into proc_step(part_id, name) values (1,'head_step4');
insert into proc_step(part_id, name) values (1,'head_step5');

insert into proc_step(part_id, name) values (2,'neck_step1');
insert into proc_step(part_id, name) values (2,'neck_step2');
insert into proc_step(part_id, name) values (2,'neck_step3');
insert into proc_step(part_id, name) values (2,'neck_step4');
insert into proc_step(part_id, name) values (2,'neck_step5');

insert into proc_step(part_id, name) values (3,'chest_step1');
insert into proc_step(part_id, name) values (3,'chest_step2');
insert into proc_step(part_id, name) values (3,'chest_step3');
insert into proc_step(part_id, name) values (3,'chest_step4');
insert into proc_step(part_id, name) values (3,'chest_step5');

insert into proc_step(part_id, name) values (4,'abdomen_step1');
insert into proc_step(part_id, name) values (4,'abdomen_step2');
insert into proc_step(part_id, name) values (4,'abdomen_step3');
insert into proc_step(part_id, name) values (4,'abdomen_step4');
insert into proc_step(part_id, name) values (4,'abdomen_step5');

insert into proc_step(part_id, name) values (5,'pelvic_step1');
insert into proc_step(part_id, name) values (5,'pelvic_step2');
insert into proc_step(part_id, name) values (5,'pelvic_step3');
insert into proc_step(part_id, name) values (5,'pelvic_step4');
insert into proc_step(part_id, name) values (5,'pelvic_step5');

insert into proc_step(part_id, name) values (6,'spine_step1');
insert into proc_step(part_id, name) values (6,'spine_step2');
insert into proc_step(part_id, name) values (6,'spine_step3');
insert into proc_step(part_id, name) values (6,'spine_step4');
insert into proc_step(part_id, name) values (6,'spine_step5');

insert into proc_step(part_id, name) values (7,'upper_limbs_step1');
insert into proc_step(part_id, name) values (7,'upper_limbs_step2');
insert into proc_step(part_id, name) values (7,'upper_limbs_step3');
insert into proc_step(part_id, name) values (7,'upper_limbs_step4');
insert into proc_step(part_id, name) values (7,'upper_limbs_step5');

insert into proc_step(part_id, name) values (8,'lower_limbs_step1');
insert into proc_step(part_id, name) values (8,'lower_limbs_step2');
insert into proc_step(part_id, name) values (8,'lower_limbs_step3');
insert into proc_step(part_id, name) values (8,'lower_limbs_step4');
insert into proc_step(part_id, name) values (8,'lower_limbs_step5');

insert into proc_step(part_id, name) values (9,'else_step1');
insert into proc_step(part_id, name) values (9,'else_step2');
insert into proc_step(part_id, name) values (9,'else_step3');
insert into proc_step(part_id, name) values (9,'else_step4');
insert into proc_step(part_id, name) values (9,'else_step5');*/

